pdb8uco_A_0601_1WE, -4.71
pdb7a5v_A_5408_HSM, -5.13
pdb8wre_A_0601_LDP, -5.21
pdb8jsx_A_0501_E5E, -5.22
pdb1avn_A_0264_HSM, -5.30
pdb7e2y_R_0501_SRO, -5.37
pdb8tgi_A_0601_LDP, -5.40
pdb8jsw_A_0501_SRO, -5.41
pdb7um7_A_0401_H8D, -5.48
pdb8tgg_A_0601_WRF, -5.51
pdb8w8b_R_0507_UJL, -5.51
pdb2aot_A_0400_2PM, -5.54
pdb8xoa_A_0601_WRF, -5.57
pdb7xtc_R_0501_8K3, -5.59
pdb8tgk_A_0601_HSM, -5.61
pdb7w7e_R_0501_W58, -5.62
pdb4hpd_A_0202_HCS, -5.64
pdb8thk_R_0401_CGZ, -5.64
pdb8tgn_A_0601_SRO, -5.68
pdb4xmf_A_0202_HSM, -5.70
pdb6x3s_A_0405_J94, -5.71
pdb1tnl_A_0900_TPA, -5.72
pdb3ncl_A_0500_CCZ, -5.72
pdb1tng_A_0900_AMC, -5.73
pdb8jt5_A_0501_HSM, -5.73
pdb5vlc_A_0501_HSO, -5.76
pdb8jxx_R_0401_VCL, -5.76
pdb1ml7_A_0186_PYZ, -5.77
pdb1o35_A_0246_802, -5.79
pdb8uh3_D_0405_WOQ, -5.80
pdb6yzc_A_0302_AMH, -5.81
pdb8fye_R_0501_YGH, -5.82
pdb8hn8_R_0401_HSM, -5.82
pdb5tnt_A_0301_7GQ, -5.83
pdb9kq8_A_0601_XW7, -5.85
pdb6x5p_A_0301_UQD, -5.86
pdb7um5_A_0401_8K3, -5.88
pdb8tgl_A_0601_LNR, -5.88
pdb8jlz_R_0501_UQL, -5.89
pdb8jxv_R_0401_VBU, -5.89
pdb1gi0_A_0246_BMZ, -5.90
pdb7w6p_R_0501_W96, -5.90
pdb1c1t_A_0246_BAB, -5.91
pdb6t9t_A_0302_MXH, -5.91
pdb1s6f_A_0800_SBP, -5.93
pdb4fuh_A_0301_1U2, -5.93
pdb5rus_A_0201_HSM, -5.93
pdb6yiu_A_0302_3AB, -5.93
pdb7yfd_R_0601_ITF, -5.93
pdb2a31_A_0501_PG3, -5.94
pdb8tzq_R_0501_LDP, -5.94
pdb1s83_A_0005_4HA, -5.96
pdb5ugd_A_0801_89S, -5.97
pdb1tnh_A_0900_FBA, -5.98
pdb4g09_A_0505_0VD, -5.98
pdb1o2i_A_0246_655, -5.99
pdb1utj_A_0246_ABN, -5.99
pdb1c2k_A_0246_ABI, -6.00
pdb1o36_A_0246_607, -6.00
pdb8jxw_R_0401_VCF, -6.00
pdb8tgh_A_0601_1WE, -6.00
pdb1c5t_A_0246_ESP, -6.01
pdb1tnk_A_0900_PRA, -6.01
pdb1o33_A_0246_801, -6.02
pdb1o38_A_0246_653, -6.02
pdb1o3f_A_0246_696, -6.02
pdb3v7t_A_0301_0GX, -6.02
pdb6ydy_A_0302_K73, -6.02
pdb1gjd_B_0251_136, -6.03
pdb1s6h_A_0001_4BZ, -6.03
pdb6dyn_A_0901_HSM, -6.03
pdb6t5w_A_0304_J5K, -6.03
pdb1c5s_A_0246_ESX, -6.04
pdb1ghz_A_0246_120, -6.04
pdb1o2h_A_0246_CR3, -6.04
pdb1o3p_B_0251_655, -6.04
pdb8jxt_R_0401_HSM, -6.04
pdb1btw_A_0732_0ZW, -6.05
pdb1ike_A_0190_HSM, -6.05
pdb1o2s_A_0246_CR4, -6.05
pdb5ugg_A_0801_89M, -6.05
pdb6t9u_A_0302_MZE, -6.06
pdb8thl_R_0401_ALE, -6.06
pdb9cbm_R_0501_CZX, -6.06
pdb1gi7_B_0246_120, -6.07
pdb1s84_A_0011_DYB, -6.07
pdb1c2h_A_0246_BAK, -6.08
pdb1gi6_A_0246_124, -6.08
pdb1gj8_B_0251_133, -6.08
pdb1o2k_A_0246_656, -6.08
pdb1o3d_A_0246_780, -6.08
pdb1x7a_C_0298_187, -6.08
pdb1xui_A_0246_BAO, -6.08
pdb2aov_A_0401_C2M, -6.08
pdb2zeb_A_0244_11M, -6.08
pdb5tno_A_0301_UNL, -6.08
pdb5wi6_A_0302_0GJ, -6.08
pdb9ff0_A_0502_HSM, -6.08
pdb1o3i_A_0246_907, -6.09
pdb1o3j_A_0246_334, -6.09
pdb8f7v_A_0801_EUA, -6.09
pdb1gi5_A_0246_123, -6.10
pdb1xuf_A_0246_BAZ, -6.10
pdb5eg4_A_0504_5N7, -6.10
pdb7wba_A_0301_TSS, -6.10
pdb1a5h_A_0250_BBA, -6.11
pdb1o2n_A_0246_762, -6.11
pdb5lh4_A_0305_6W4, -6.11
pdb5mnq_A_0307_J3I, -6.11
pdb8yuu_R_0501_HSM, -6.11
pdb1o2q_A_0246_991, -6.12
pdb6sy3_A_0303_LXW, -6.12
pdb1o2w_A_0246_847, -6.13
pdb1o3l_A_0246_678, -6.13
pdb6yiw_A_0309_F05, -6.13
pdb8yn3_R_0701_HSM, -6.13
pdb1o2p_A_0246_972, -6.14
pdb1o5f_H_0256_CR9, -6.14
pdb6dyr_A_0901_HJD, -6.14
pdb7cmu_R_0500_G6L, -6.14
pdb7uah_A_0801_M63, -6.14
pdb1c1p_A_0246_BAI, -6.15
pdb1o30_A_0246_693, -6.15
pdb1s85_A_0800_SBZ, -6.15
pdb4jzf_H_0301_1NL, -6.15
pdb5pan_B_0505_7Z4, -6.15
pdb6k41_R_0501_CZX, -6.15
pdb7ej8_R_0501_J59, -6.15
pdb1c2g_A_0246_BAH, -6.16
pdb1gj6_A_0246_132, -6.16
pdb6fu4_A_0401_HSM, -6.16
pdb8fy8_R_0501_YFW, -6.16
pdb9cbl_R_0501_ALE, -6.17
pdb1c5q_A_0246_ESI, -6.18
pdb1o2t_A_0246_783, -6.18
pdb1o2z_A_0246_312, -6.18
pdb4btt_B_1246_VYR, -6.18
pdb6zq2_A_0301_32U, -6.18
pdb1gi8_B_0246_BMZ, -6.19
pdb1o2r_A_0246_CR9, -6.19
pdb1o3m_A_0246_785, -6.19
pdb6x0s_A_0701_UJA, -6.19
pdb7cmv_R_0500_G6O, -6.19
pdb6qff_A_0301_J08, -6.20
pdb6t0m_A_0305_GOZ, -6.20
pdb7ymh_A_0401_E5E, -6.20
pdb1p57_B_0346_CR4, -6.21
pdb2fww_A_0999_C1R, -6.21
pdb2j34_A_1245_GS6, -6.21
pdb4jzi_A_0900_N4C, -6.21
pdb5lhp_A_0311_PBZ, -6.21
pdb5pag_B_0501_7YJ, -6.21
pdb6yiv_A_0301_D86, -6.21
pdb8yn5_R_0701_HSM, -6.21
pdb1gi4_A_0246_122, -6.22
pdb1uto_A_1246_PEA, -6.22
pdb1y3u_A_1994_UIQ, -6.22
pdb3aav_A_1001_A2C, -6.22
pdb3ffg_A_0001_FFG, -6.22
pdb4y6d_A_0301_48U, -6.22
pdb6ag2_U_0301_9X9, -6.22
pdb6y02_H_0306_O5Z, -6.22
pdb1u6q_A_0245_745, -6.23
pdb7e32_R_0401_SRO, -6.23
pdb2bz6_H_1258_346, -6.24
pdb2y5g_A_1244_FJD, -6.24
pdb4a6l_A_1263_P43, -6.24
pdb1o5e_H_0256_132, -6.25
pdb3p8g_A_1002_BEN, -6.26
pdb1k1m_A_0999_FD4, -6.27
pdb2fpz_A_1000_270, -6.28
pdb2vnt_A_1258_QGG, -6.28
pdb5f03_A_0301_5TA, -6.28
pdb5jb9_S_0301_0G6, -6.28
pdb5pb2_C_0505_9RP, -6.28
pdb5zae_U_0301_EAU, -6.28
pdb7bsa_A_0902_6SO, -6.28
pdb8yn6_R_0701_ITF, -6.28
pdb1ejn_A_0800_AGB, -6.29
pdb5pb4_C_0501_9RS, -6.29
pdb6yza_A_0302_TP5, -6.29
pdb8hoc_R_0401_ITF, -6.29
pdb1fv9_A_0246_172, -6.30
pdb1k1l_A_0999_FD3, -6.30
pdb1o2o_A_0246_950, -6.30
pdb1zml_A_1001_412, -6.30
pdb3kl6_A_0001_443, -6.30
pdb4z0k_A_0301_4LN, -6.30
pdb5egm_A_0303_5NY, -6.30
pdb5pao_C_0506_7Z7, -6.30
pdb6bfp_A_0302_DJY, -6.30
pdb6dys_A_0902_HJ1, -6.30
pdb6t9v_A_0305_MXH, -6.30
pdb6x5l_A_0301_UQG, -6.30
pdb7yfc_R_0601_HSM, -6.30
pdb8v1f_B_0604_7R8, -6.30
pdb1btx_A_0632_0ZX, -6.31
pdb1utp_A_1246_PBN, -6.31
pdb1w0z_U_1245_SI1, -6.31
pdb2vwm_A_1244_LZI, -6.31
pdb2y5f_A_1244_XWG, -6.31
pdb2y5h_A_1244_Y5H, -6.31
pdb1owe_A_1001_675, -6.32
pdb2vip_A_1247_L1R, -6.32
pdb3vfe_A_0301_0HL, -6.32
pdb7e33_R_0501_HVU, -6.32
pdb1k1i_A_0999_FD1, -6.33
pdb1kae_A_1001_HSO, -6.33
pdb1xuj_A_0246_BOZ, -6.33
pdb2r2w_U_0300_4PG, -6.33
pdb2y7x_A_1246_MZA, -6.33
pdb1zlr_A_0901_368, -6.34
pdb9lrc_R_0701_HSM, -6.34
pdb1jir_A_0301_AML, -6.35
pdb1utl_M_0246_PRA, -6.35
pdb3ens_B_0301_ENS, -6.35
pdb4zae_A_0301_4M1, -6.35
pdb1rtf_B_0245_BEN, -6.36
pdb2vio_A_1246_L1O, -6.36
pdb3kqd_A_0301_LGL, -6.36
pdb4abd_A_1252_SW2, -6.36
pdb4y79_A_0303_4O6, -6.36
pdb1c5y_B_0251_ESP, -6.37
pdb1y3w_A_1994_UIP, -6.37
pdb1ygc_H_0001_905, -6.37
pdb1yp9_A_2222_UIZ, -6.37
pdb3k9x_B_0001_MBM, -6.37
pdb5jb8_S_0302_0GJ, -6.37
pdb5mnk_A_0302_ABN, -6.37
pdb5z1c_U_0301_ZXI, -6.37
pdb6yit_A_0303_8M2, -6.37
pdb7bs5_A_0302_F5X, -6.37
pdb7z2i_A_0306_I9O, -6.37
pdb1k1n_A_0999_CCR, -6.38
pdb1qb6_A_0300_623, -6.38
pdb1qbo_A_0300_711, -6.38
pdb1w10_U_1245_SJ1, -6.38
pdb2j38_A_1245_GS5, -6.38
pdb3da9_B_0001_44U, -6.38
pdb4zha_A_0303_4O5, -6.38
pdb5lh8_A_0304_6WH, -6.38
pdb6t0p_A_0304_M6Q, -6.38
pdb6x5j_A_0303_6NH, -6.38
pdb8qod_B_0301_WIZ, -6.38
pdb1bmm_H_0001_BM2, -6.39
pdb1owh_A_1001_239, -6.39
pdb2uwl_A_1245_895, -6.39
pdb2vh0_A_1247_GSI, -6.39
pdb2viq_A_1246_D55, -6.39
pdb3aau_A_3001_GZC, -6.39
pdb3nk8_A_0001_JKZ, -6.39
pdb7z25_A_0306_IAF, -6.39
pdb8oq7_A_0601_VZA, -6.39
pdb1qcp_A_0300_RWJ, -6.40
pdb1utm_A_0246_PEA, -6.40
pdb1w11_U_1247_SK1, -6.40
pdb2ei6_A_0700_D92, -6.40
pdb2viv_A_1247_VG2, -6.40
pdb2xby_A_1245_63C, -6.40
pdb5mn1_A_0306_2AP, -6.40
pdb5mnc_A_0307_ANL, -6.40
pdb6b74_B_0301_BEN, -6.40
pdb6skb_A_0301_LH5, -6.40
pdb8ugy_R_0406_WRU, -6.40
pdb9kk4_A_0306_UEG, -6.40
pdb1aut_C_0001_0G6, -6.41
pdb1y5a_T_0790_TL2, -6.41
pdb2g00_A_0711_4QC, -6.41
pdb3iit_A_0700_D14, -6.41
pdb4yzu_A_0301_4K6, -6.41
pdb5pat_B_0501_7ZG, -6.41
pdb5tqe_H_0301_7KQ, -6.41
pdb6f9g_A_0401_PUT, -6.41
pdb1y59_T_0350_TL1, -6.42
pdb2o8w_A_0800_PL0, -6.42
pdb2wyj_A_1244_898, -6.42
pdb4fug_A_0301_9UP, -6.42
pdb5pb6_C_0505_9RV, -6.42
pdb6qha_A_0303_J2Q, -6.42
pdb7ths_A_0801_I5Y, -6.42
pdb8iyv_A_0304_FO9, -6.42
pdb8pok_A_0401_HSM, -6.42
pdb8yn2_R_0701_HSM, -6.42
pdb1c5x_B_0251_ESI, -6.43
pdb1dan_H_0001_0Z6, -6.43
pdb1gja_B_0251_135, -6.43
pdb1w13_U_1245_SM1, -6.43
pdb2fs9_A_0999_C4A, -6.43
pdb2y81_A_1244_931, -6.43
pdb5pav_C_0509_7ZM, -6.43
pdb5yc6_U_0301_PZH, -6.43
pdb6b77_B_0301_CWV, -6.43
pdb8fyt_R_0501_7LD, -6.43
pdb2bmg_B_1246_I1H, -6.44
pdb2bok_A_1244_784, -6.44
pdb2vh6_A_1245_GSV, -6.44
pdb2y82_A_1245_930, -6.44
pdb3mhw_U_0245_ABV, -6.44
pdb3tk5_A_0700_D1Q, -6.44
pdb5pa9_C_0506_ABN, -6.44
pdb6qhb_A_0301_J2W, -6.44
pdb8typ_A_0701_SQT, -6.44
pdb1wtg_H_2001_3BP, -6.45
pdb2p95_A_0001_ME5, -6.45
pdb2za5_A_0004_2FF, -6.45
pdb3rxb_A_0006_ALG, -6.45
pdb4aba_A_1256_SW1, -6.45
pdb4abf_A_1252_513, -6.45
pdb5za7_U_0301_HMX, -6.45
pdb6qf7_B_0702_0G6, -6.45
pdb6qhc_A_0302_135, -6.45
pdb6x0t_A_0701_UJ7, -6.45
pdb9kk5_A_0301_PXL, -6.45
pdb1jwt_A_0300_BLI, -6.46
pdb2vwl_A_1246_LZH, -6.46
pdb4abb_A_1252_K9S, -6.46
pdb6qh9_A_0302_J2N, -6.46
pdb6skc_A_0301_LH8, -6.46
pdb7bs9_A_0302_SRO, -6.46
pdb7meq_A_0601_GBS, -6.46
pdb1ioe_A_0401_XMA, -6.47
pdb1owk_A_0245_303, -6.47
pdb2j94_A_1245_G15, -6.47
pdb2uwp_A_1245_894, -6.47
pdb5wxt_U_0301_7YR, -6.47
pdb1ppc_E_0005_MID, -6.48
pdb1vja_U_0300_7IN, -6.48
pdb2g5n_A_0301_23M, -6.48
pdb2j2u_A_1244_GSQ, -6.48
pdb2jkh_A_1244_BI7, -6.48
pdb2zzu_H_0001_359, -6.48
pdb3aas_A_1001_GUS, -6.48
pdb4x8u_H_0301_3ZB, -6.48
pdb5pak_C_0504_7YP, -6.48
pdb8gmn_A_0700_ZWK, -6.48
pdb1ets_H_0001_MID, -6.49
pdb1nfy_A_0301_RTR, -6.49
pdb1qb9_A_0300_806, -6.49
pdb1wu1_A_0700_D91, -6.49
pdb2vwn_A_1245_H25, -6.49
pdb3rze_A_1200_5EH, -6.49
pdb4h42_U_0301_11E, -6.49
pdb5paa_C_0506_AMC, -6.49
pdb7vm5_U_0302_GBS, -6.49
pdb7vm6_U_0301_7R8, -6.49
pdb1iqn_A_0401_XMC, -6.50
pdb1o5a_B_0251_696, -6.50
pdb1w14_U_1300_SH1, -6.50
pdb2j95_A_1245_GSX, -6.50
pdb2viw_A_1246_D56, -6.50
pdb4fuf_A_0301_8UP, -6.50
pdb4yt6_H_0301_4JY, -6.50
pdb4zh8_A_0302_4O4, -6.50
pdb7qi0_A_0301_C9I, -6.50
pdb1kli_H_0300_BEN, -6.51
pdb1nfx_A_0301_RDR, -6.51
pdb1tpp_A_0001_APA, -6.51
pdb2bm2_A_3211_PM2, -6.51
pdb2d1j_A_0700_D01, -6.51
pdb2gmt_B_0247_HIN, -6.51
pdb2vin_A_1247_505, -6.51
pdb3m35_A_0301_M35, -6.51
pdb4cof_A_0500_BEN, -6.51
pdb4jze_H_0301_1NK, -6.51
pdb4x8t_H_0301_3Z8, -6.51
pdb4y7b_A_0302_44I, -6.51
pdb5ce1_A_0900_50K, -6.51
pdb5i46_H_0301_67O, -6.51
pdb8yn9_R_0701_HSM, -6.51
pdb9e83_B_0602_VU4, -6.51
pdb1qbn_A_0300_688, -6.52
pdb1sqo_A_1001_UI2, -6.52
pdb1tx8_A_0302_AM4, -6.52
pdb1w12_U_1245_SL1, -6.52
pdb2fzz_A_0001_5QC, -6.52
pdb3hpt_B_0001_YET, -6.52
pdb3rxa_A_0007_SZ1, -6.52
pdb4ab8_A_1253_VXU, -6.52
pdb4fu7_A_0305_1UP, -6.52
pdb4y76_A_0302_4O1, -6.52
pdb1g3b_A_0601_108, -6.53
pdb1nu7_B_0299_0ZJ, -6.53
pdb3ljo_A_0501_11U, -6.53
pdb4bti_B_1246_7R9, -6.53
pdb5mnn_A_0302_MRZ, -6.53
pdb5paf_B_0508_7LR, -6.53
pdb6dyo_A_0901_LDP, -6.53
pdb7ym8_A_0501_J5C, -6.53
pdb8rh8_A_0601_ABU, -6.53
pdb2cji_A_1246_GSK, -6.54
pdb2g5v_A_0301_22M, -6.54
pdb2o8u_A_1193_BEN, -6.54
pdb2p3u_B_0500_663, -6.54
pdb2p94_A_0001_ME4, -6.54
pdb2vvu_A_1244_H22, -6.54
pdb3rxg_A_0008_SZ3, -6.54
pdb3rxh_A_0007_HSM, -6.54
pdb3vpk_A_0300_GHS, -6.54
pdb4jyu_H_0301_1OK, -6.54
pdb5pae_B_0501_7YA, -6.54
pdb5za9_U_0301_50I, -6.54
pdb5zaf_U_0301_28I, -6.54
pdb6ag9_U_0301_9XF, -6.54
pdb6luq_A_1201_GMJ, -6.54
pdb6nmb_A_0302_AMH, -6.54
pdb6qfa_B_0502_HSM, -6.54
pdb6skd_A_0302_LH2, -6.54
pdb8izk_A_0305_GAI, -6.54
pdb1f5l_A_0301_AMR, -6.55
pdb1fxy_A_0001_0G6, -6.55
pdb1wun_H_2001_P5B, -6.55
pdb1y3x_A_1994_UIB, -6.55
pdb2ayw_A_0501_1NJ, -6.55
pdb2fx4_A_0246_C1R, -6.55
pdb2gv6_A_0001_730, -6.55
pdb2vvc_A_1244_LZF, -6.55
pdb3lc5_A_0001_IZX, -6.55
pdb3mwi_U_1244_B25, -6.55
pdb3rxf_A_0009_4AP, -6.55
pdb3rze_A_1201_D7V, -6.55
pdb4d8n_A_0301_0HM, -6.55
pdb4fu8_A_0301_2UP, -6.55
pdb4isi_H_0301_1GG, -6.55
pdb5za8_U_0301_27I, -6.55
pdb5zaj_U_0301_32I, -6.55
pdb5zc5_U_0301_09I, -6.55
pdb6qih_A_0301_J3T, -6.55
pdb7qhz_A_0301_CI5, -6.55
pdb1a0l_A_0301_APA, -6.56
pdb1k1j_A_0999_FD2, -6.56
pdb1mq6_A_0500_XLD, -6.56
pdb1owd_A_1001_497, -6.56
pdb2g8t_A_0401_MI2, -6.56
pdb3cs7_A_0298_LG0, -6.56
pdb3dfl_A_0308_GBS, -6.56
pdb3fvf_B_0001_1JZ, -6.56
pdb3gy4_A_0001_PBZ, -6.56
pdb3rxl_A_0006_SZ9, -6.56
pdb4fud_A_0301_6UP, -6.56
pdb5paj_B_0501_7XJ, -6.56
pdb5pau_C_0507_7ZJ, -6.56
pdb6qfe_A_0305_J08, -6.56
pdb7bs6_A_0302_F66, -6.56
pdb8zvx_A_0301_PMS, -6.56
pdb1fiw_A_0305_PBZ, -6.57
pdb1sqt_A_1001_UI3, -6.57
pdb2fx6_A_0246_270, -6.57
pdb2qeb_A_0145_HSM, -6.57
pdb2vwo_A_1245_LZG, -6.57
pdb3sw2_B_0001_FI1, -6.57
pdb3tu7_H_0001_0BM, -6.57
pdb4fuj_A_0301_1U9, -6.57
pdb8pm2_R_0402_8IA, -6.57
pdb1auj_A_0247_PPB, -6.58
pdb1fiz_A_0308_PBZ, -6.58
pdb3a7w_A_0003_O04, -6.58
pdb3ljj_A_0501_10U, -6.58
pdb3uwi_A_0487_ANH, -6.58
pdb4abh_A_1253_7Z3, -6.58
pdb4fub_A_0301_4UP, -6.58
pdb4fue_A_0301_7UP, -6.58
pdb4r0i_A_0900_3KM, -6.58
pdb8izi_A_0304_SD9, -6.58
pdb1c1u_H_0410_BAI, -6.59
pdb1k1p_A_0999_MEL, -6.59
pdb1rxp_A_0991_169, -6.59
pdb1xka_C_0500_4PP, -6.59
pdb2fir_H_0701_0G7, -6.59
pdb2gdd_A_0999_5AM, -6.59
pdb2pr3_A_1001_237, -6.59
pdb2zdm_A_0501_46U, -6.59
pdb3a7z_A_0002_O14, -6.59
pdb3a87_A_0005_H06, -6.59
pdb3dye_A_0600_LNR, -6.59
pdb3gch_C_0246_OAC, -6.59
pdb4abe_A_1254_913, -6.59
pdb4abg_A_1255_91B, -6.59
pdb5pai_B_0505_7YM, -6.59
pdb5pax_C_0505_7ZP, -6.59
pdb6qh9_A_0303_J3B, -6.59
pdb6r2w_H_0302_0Z7, -6.59
pdb8uud_H_0302_XGX, -6.59
pdb1gj9_B_0251_134, -6.60
pdb1hj8_A_0247_BEN, -6.60
pdb1jqd_A_0600_HSM, -6.60
pdb1lpk_B_0301_CBB, -6.60
pdb1sc8_U_0300_2IN, -6.60
pdb1w7x_H_1261_413, -6.60
pdb2zdk_A_0501_50U, -6.60
pdb2zec_A_0001_11N, -6.60
pdb3kqe_A_0301_LGM, -6.60
pdb4y11_I_0015_3EG, -6.60
pdb5zag_U_0301_94I, -6.60
pdb7bs4_A_0302_F5U, -6.60
pdb1lqe_A_0250_IMA, -6.61
pdb1y3v_A_1994_UIR, -6.61
pdb2b8o_H_0001_0GJ, -6.61
pdb2uwo_A_1245_701, -6.61
pdb2y80_A_1245_439, -6.61
pdb3q3k_A_0700_D90, -6.61
pdb4a7i_B_1246_A7I, -6.61
pdb4na9_H_0301_1T7, -6.61
pdb7ac9_H_0306_DAR, -6.61
pdb1eb2_A_1248_BPO, -6.62
pdb1fax_A_0265_DX9, -6.62
pdb1gjc_B_0251_130, -6.62
pdb1mts_A_0999_BX3, -6.62
pdb1nc6_A_0300_ABB, -6.62
pdb2ei7_A_0700_D93, -6.62
pdb2q1j_A_0801_FXI, -6.62
pdb4ng9_H_0301_2KE, -6.62
pdb5paq_B_0505_7ZA, -6.62
pdb5par_C_0506_AX7, -6.62
pdb5pas_C_0501_7ZD, -6.62
pdb6ag3_U_0301_9XC, -6.62
pdb1bjv_A_0900_GP8, -6.63
pdb1btz_A_0732_0ZY, -6.63
pdb2aei_H_0500_03R, -6.63
pdb2ei8_A_0700_DT8, -6.63
pdb2p3t_B_0500_993, -6.63
pdb3rxp_A_0007_SW3, -6.63
pdb4i8h_A_0302_BEN, -6.63
pdb6ag7_U_0301_H55, -6.63
pdb6mv4_H_0310_PBZ, -6.63
pdb6tdt_H_0305_LXW, -6.63
pdb7ph1_I_0015_7OZ, -6.63
pdb7vm7_U_0301_7RF, -6.63
pdb1g2m_A_0001_R11, -6.64
pdb1gj7_B_0251_132, -6.64
pdb1vj9_U_0300_5IN, -6.64
pdb1y5u_T_0360_TL4, -6.64
pdb2aow_A_0400_THA, -6.64
pdb2cha_C_0051_TSU, -6.64
pdb5paw_B_0506_7XM, -6.64
pdb5tqf_H_0301_7KR, -6.64
pdb5xg4_U_0301_QUE, -6.64
pdb8g1v_A_0912_YIL, -6.64
pdb1a5i_A_0245_0GJ, -6.65
pdb1iqg_A_0401_XME, -6.65
pdb1mtw_A_0999_DX9, -6.65
pdb1uvs_H_0011_I11, -6.65
pdb2a2q_H_1016_PBZ, -6.65
pdb2otv_A_1301_NCA, -6.65
pdb4gch_G_0246_DMC, -6.65
pdb4ish_H_0301_1GE, -6.65
pdb4jyv_H_0301_1OJ, -6.65
pdb1g3c_A_0601_109, -6.66
pdb1pph_E_0001_0ZG, -6.66
pdb3nkk_A_0001_JLZ, -6.66
pdb3pbl_A_1200_ETQ, -6.66
pdb3pmj_A_0302_PMJ, -6.66
pdb3rxk_A_0008_SZ8, -6.66
pdb7wa2_A_0301_RKX, -6.66
pdb1f0s_A_0401_PR2, -6.67
pdb1f0t_A_0304_PR1, -6.67
pdb1shh_B_0301_0G6, -6.67
pdb1tyn_A_0246_CTA, -6.67
pdb2qeh_A_0145_SRO, -6.67
pdb3a7y_A_0003_O13, -6.67
pdb3pm3_A_0302_TFN, -6.67
pdb1c1w_H_0410_BAH, -6.68
pdb1cvw_H_0301_0GE, -6.68
pdb1ezq_A_0265_RPR, -6.68
pdb1gmh_G_0290_ISP, -6.68
pdb1o5c_B_0251_CR9, -6.68
pdb1uvu_H_0001_DCH, -6.68
pdb1v3x_A_0700_D76, -6.68
pdb3a7x_A_0005_O09, -6.68
pdb5lpd_H_0307_71U, -6.68
pdb5pb0_B_0501_7LX, -6.68
pdb1ett_H_0301_4QQ, -6.69
pdb1fjs_A_0500_Z34, -6.69
pdb1g37_A_0900_110, -6.69
pdb1ghv_H_0246_120, -6.69
pdb1ghx_H_0246_BMZ, -6.69
pdb1lmw_B_0001_0GJ, -6.69
pdb2w3i_A_1246_L1C, -6.69
pdb8v04_B_0600_GBS, -6.69
pdb1g2l_A_0001_T87, -6.70
pdb1gi9_B_0246_123, -6.70
pdb1y5b_T_0720_TL3, -6.70
pdb1z6e_A_0711_IK8, -6.70
pdb2anm_H_1001_CDO, -6.70
pdb2ra0_A_0001_JNJ, -6.70
pdb2xbw_A_1245_455, -6.70
pdb3a7v_A_0004_3FZ, -6.70
pdb3liw_A_0001_RUP, -6.70
pdb3rxd_A_0006_SZ4, -6.70
pdb1f92_A_0300_UKP, -6.71
pdb1iqe_A_0401_XMB, -6.71
pdb1ksn_A_0401_FXV, -6.71
pdb1qb1_A_0300_974, -6.71
pdb2xc5_A_1245_OYJ, -6.71
pdb4zxy_H_0301_4T1, -6.71
pdb6rot_H_0301_KDQ, -6.71
pdb7y0f_C_0601_I9V, -6.71
pdb1a3e_H_0001_T16, -6.72
pdb1f0r_A_0401_815, -6.72
pdb1qft_A_0176_HSM, -6.72
pdb1sqa_A_1001_UI1, -6.72
pdb2xbx_A_1245_RR8, -6.72
pdb3upe_A_0481_0CA, -6.72
pdb4yt7_H_0301_4K1, -6.72
pdb6iql_A_1201_L74, -6.72
pdb1bju_A_0910_GP6, -6.73
pdb1bmn_H_0001_BM9, -6.73
pdb1ggd_C_0301_FAF, -6.73
pdb1lpz_B_0301_CMB, -6.73
pdb1wqv_H_1001_PSM, -6.73
pdb1z6j_H_0403_PY3, -6.73
pdb1zzz_A_0246_0IV, -6.73
pdb3a8a_A_0007_4FZ, -6.73
pdb3vgc_C_0358_SRB, -6.73
pdb4x1s_P_0100_MRZ, -6.73
pdb4y10_I_0015_OBF, -6.73
pdb4y7a_A_0303_987, -6.73
pdb6gbw_H_0306_EU5, -6.73
pdb7ahu_C_0301_0GJ, -6.73
pdb1gcd_A_0290_DEP, -6.74
pdb1owj_A_0245_155, -6.74
pdb1yyy_1_0001_0KV, -6.74
pdb2c4f_H_0302_GIL, -6.74
pdb2fes_H_0001_3SP, -6.74
pdb2pql_A_0145_TSS, -6.74
pdb2xc4_A_1246_IVK, -6.74
pdb2zq2_A_0501_13U, -6.74
pdb3kgp_A_4069_4AZ, -6.74
pdb3kqc_A_0301_LGK, -6.74
pdb3si3_H_0005_B03, -6.74
pdb8kdu_A_0301_I4Q, -6.74
pdb1lpg_B_0301_IMA, -6.75
pdb1o2g_H_0410_696, -6.75
pdb1tx7_A_0247_4CM, -6.75
pdb2j4i_A_1245_GSJ, -6.75
pdb2p16_A_0298_GG2, -6.75
pdb2p8o_C_0300_BVA, -6.75
pdb3kid_U_0001_2BS, -6.75
pdb4mtb_A_0302_BZY, -6.75
pdb4zhm_P_0100_MRZ, -6.75
pdb5wxo_P_0004_HRG, -6.75
pdb6t52_H_0305_MJH, -6.75
pdb6t53_H_0305_K73, -6.75
pdb7gch_G_0246_LPF, -6.75
pdb7tx8_A_0401_SRO, -6.75
pdb1g36_A_0990_R11, -6.76
pdb2bq7_A_1001_IID, -6.76
pdb2cf8_H_1246_ESH, -6.76
pdb5lhq_A_0301_0GJ, -6.76
pdb6n4t_A_0304_KD7, -6.76
pdb6t3q_H_0306_M6Q, -6.76
pdb6t57_H_0306_J3I, -6.76
pdb6ysx_H_0306_08D, -6.76
pdb1gj5_H_0410_130, -6.77
pdb1k1o_A_0999_IGN, -6.77
pdb1zgi_A_1001_382, -6.77
pdb2qeo_A_0200_LNR, -6.77
pdb4x8s_H_0301_3Z7, -6.77
pdb6t55_H_0303_02N, -6.77
pdb1afq_C_0301_0FG, -6.78
pdb1vgc_C_0358_V36, -6.78
pdb2cn0_H_1246_F25, -6.78
pdb2zwl_H_0001_567, -6.78
pdb4jz1_A_0900_F4D, -6.78
pdb4vgc_C_0358_SRD, -6.78
pdb4x1p_P_0100_MRZ, -6.78
pdb1gj4_H_0410_132, -6.79
pdb2p93_A_0001_ME1, -6.79
pdb3gy3_A_0246_PNT, -6.79
pdb4y71_A_0302_48W, -6.79
pdb6eo9_H_0307_2OJ, -6.79
pdb6hsx_H_0309_GOZ, -6.79
pdb6zug_H_1001_QPW, -6.79
pdb6zun_H_1001_QQ5, -6.79
pdb7bs3_A_0302_F5R, -6.79
pdb1b5g_H_0372_0ZE, -6.80
pdb1bda_A_0245_2Z0, -6.80
pdb1f0u_A_0501_RPR, -6.80
pdb1mq5_A_0500_XLC, -6.80
pdb1oyq_A_0001_T87, -6.80
pdb2ah4_X_1195_GBS, -6.80
pdb6t56_H_0303_ABN, -6.80
pdb6yn3_H_0307_HBD, -6.80
pdb6yqv_H_0308_8K2, -6.80
pdb1c1v_H_0410_BAB, -6.81
pdb1iql_A_0401_XMJ, -6.81
pdb1ztk_A_0321_62A, -6.81
pdb2zdl_A_0501_45U, -6.81
pdb5a2m_H_1249_WX5, -6.81
pdb5tp0_A_0306_BRN, -6.81
pdb6kuw_A_1201_E33, -6.81
pdb6skb_A_0302_RH5, -6.81
pdb6t3m_H_0302_MD8, -6.81
pdb8xni_A_0305_E64, -6.81
pdb1ghy_H_0246_121, -6.82
pdb1zgv_A_1001_501, -6.82
pdb2ank_H_0501_N12, -6.82
pdb2c8z_B_1250_C2A, -6.82
pdb2y7z_A_1245_C0Z, -6.82
pdb3a80_A_0002_O15, -6.82
pdb4bao_B_1287_MVF, -6.82
pdb5pam_B_0505_7Z1, -6.82
pdb6t89_H_0301_MUQ, -6.82
pdb1a46_H_0372_00K, -6.83
pdb1c5n_H_0522_ESI, -6.83
pdb1gg6_C_0301_APF, -6.83
pdb1qhr_B_0500_157, -6.83
pdb1t4u_H_4815_81A, -6.83
pdb1wv7_H_2001_5PI, -6.83
pdb2w26_A_1001_RIV, -6.83
pdb2zfs_A_0501_12U, -6.83
pdb3a8b_A_0013_BR6, -6.83
pdb4bam_B_1287_MM9, -6.83
pdb6cha_C_0001_PBA, -6.83
pdb1max_A_0247_ZAP, -6.84
pdb2ec9_H_0999_24X, -6.84
pdb2vgc_C_0358_V35, -6.84
pdb2xbv_A_1245_XBV, -6.84
pdb3khv_A_4069_4AL, -6.84
pdb3lc3_A_0001_IYX, -6.84
pdb3tk6_A_0700_D46, -6.84
pdb5mjt_H_0301_23U, -6.84
pdb6yhg_H_0308_SZ4, -6.84
pdb1j17_T_0001_ZEN, -6.85
pdb1nzq_H_0248_162, -6.85
pdb1t4v_H_1411_14A, -6.85
pdb1ta2_A_0401_176, -6.85
pdb2fs8_A_0999_C3A, -6.85
pdb2oq5_A_0245_BEN, -6.85
pdb4yes_B_0704_45S, -6.85
pdb5afy_H_1248_WCE, -6.85
pdb5k0h_A_0303_6PK, -6.85
pdb9fre_A_0601_EI7, -6.85
pdb1az8_A_0001_IN4, -6.86
pdb1fpc_H_0371_0ZI, -6.86
pdb2zdn_A_0501_49U, -6.86
pdb3plp_A_0481_BBA, -6.86
pdb4ue7_H_1258_MRZ, -6.86
pdb7jvr_R_0500_08Y, -6.86
pdb1hbt_I_0003_AR0, -6.87
pdb1iqj_A_0401_XMH, -6.87
pdb1owi_A_0245_426, -6.87
pdb1wss_H_2001_3CB, -6.87
pdb1ypj_H_5555_UIB, -6.87
pdb2bdy_A_0401_UNB, -6.87
pdb2boh_B_0001_IIA, -6.87
pdb2w3k_A_1245_L1D, -6.87
pdb4ueh_H_1249_BEN, -6.87
pdb6ysj_H_0305_47A, -6.87
pdb3v13_A_0481_3YH, -6.88
pdb5jfd_H_0301_2TS, -6.88
pdb6i51_H_0307_F05, -6.88
pdb1iqh_A_0401_XMF, -6.89
pdb2vvv_A_1245_H21, -6.89
pdb2ziq_H_0701_26U, -6.89
pdb3f68_H_0901_91U, -6.89
pdb4az2_B_1258_9MU, -6.89
pdb5wxs_U_0301_7YF, -6.89
pdb3cen_A_0001_FXA, -6.90
pdb4ab9_A_1251_VXQ, -6.90
pdb4btu_B_1246_6XS, -6.90
pdb1bb0_B_0001_0IV, -6.91
pdb1lo6_A_0299_BEN, -6.91
pdb1nfw_A_0301_RRR, -6.91
pdb2bvx_H_1246_5CB, -6.91
pdb2zhf_H_0501_49U, -6.91
pdb2zo3_H_2501_33U, -6.91
pdb3th4_L_0211_0GE, -6.91
pdb4hgc_I_0005_NLY, -6.91
pdb4o9v_A_0900_NT4, -6.91
pdb6fjt_H_0303_DKQ, -6.91
pdb1bcu_H_0280_PRL, -6.92
pdb2zdv_H_0501_37U, -6.92
pdb3m36_A_0301_M35, -6.92
pdb4udw_H_1249_N6L, -6.92
pdb5ahg_H_1253_Y4L, -6.92
pdb6t4a_H_0302_J5K, -6.92
pdb1o5g_H_0393_CR9, -6.93
pdb1ypg_H_5555_UIR, -6.93
pdb2aou_A_0402_CQA, -6.93
pdb3kqb_A_0301_LGJ, -6.93
pdb6d6t_A_0405_ABU, -6.93
pdb6t54_H_0307_MJK, -6.93
pdb6t8a_H_0301_MUZ, -6.93
pdb1aix_H_0003_T19, -6.94
pdb1fph_F_0016_AR7, -6.94
pdb1hut_H_0001_0G7, -6.94
pdb2jh6_D_1249_894, -6.94
pdb3m37_A_0301_M37, -6.94
pdb4ayv_B_1258_9MQ, -6.94
pdb1ay6_H_0005_1ZV, -6.95
pdb1d3p_B_0400_BT3, -6.95
pdb1d9i_A_0380_00P, -6.95
pdb1lhd_H_0400_DI2, -6.95
pdb2a2x_H_0501_NA9, -6.95
pdb2feq_H_0001_34P, -6.95
pdb2phb_A_9001_230, -6.95
pdb2v3h_H_1246_I25, -6.95
pdb4bak_B_1287_M67, -6.95
pdb5mm6_H_0311_32U, -6.95
pdb1c4y_2_0370_IH3, -6.96
pdb1nfu_A_0301_RRP, -6.96
pdb1w0y_H_1258_771, -6.96
pdb2c8w_B_1249_C7M, -6.96
pdb2znk_H_3001_31U, -6.96
pdb4hfp_B_0402_15U, -6.96
pdb4loy_H_0304_6XS, -6.96
pdb5af9_H_1250_SJR, -6.96
pdb5jzy_H_0308_6OV, -6.96
pdb8ase_H_0301_NWR, -6.96
pdb1lhe_H_0400_DI3, -6.97
pdb2bqw_B_1246_IIE, -6.97
pdb2bxt_H_1246_C2D, -6.97
pdb2r2m_B_5000_I50, -6.97
pdb3p17_H_1001_99P, -6.97
pdb5zah_U_0301_30I, -6.97
pdb6zuw_H_1001_QQK, -6.97
pdb7qnc_B_0503_EI7, -6.97
pdb1d3t_B_0400_BT1, -6.98
pdb1uvt_H_0001_I48, -6.98
pdb1w7g_H_0300_MIU, -6.98
pdb2cf9_H_1247_348, -6.98
pdb2xc0_A_1246_8NC, -6.98
pdb3sha_H_0001_P97, -6.98
pdb4ax9_H_1246_N5N, -6.98
pdb6eo8_H_0307_2FN, -6.98
pdb1c4u_2_0370_IH1, -6.99
pdb1qj7_B_1248_GR1, -6.99
pdb2bvs_H_1246_2CE, -6.99
pdb2flb_H_1246_6NH, -6.99
pdb3qwc_H_2001_98P, -6.99
pdb4lz1_L_0301_0G6, -6.99
pdb6a96_B_0510_ABU, -6.99
pdb6z48_H_0302_X1V, -6.99
pdb1lqd_B_0301_CMI, -7.00
pdb1mu6_B_0248_CDA, -7.00
pdb1no9_H_0250_4ND, -7.00
pdb1tom_H_0001_MIN, -7.00
pdb1way_B_1248_L02, -7.00
pdb1wbg_B_1248_L03, -7.00
pdb1ypk_H_5555_CCR, -7.00
pdb3biu_H_0999_10U, -7.00
pdb4ayy_B_1258_9MX, -7.00
pdb1ca8_B_0248_0KV, -7.01
pdb1iqf_A_0401_XMD, -7.01
pdb2bq6_B_1246_IIB, -7.01
pdb2gde_H_0401_SN3, -7.01
pdb2zgb_H_1801_21U, -7.01
pdb3qtv_H_1001_06P, -7.01
pdb3rlw_H_0001_S28, -7.01
pdb8asf_H_0301_NWF, -7.01
pdb1a4w_H_0373_QWE, -7.02
pdb1a61_H_0372_00N, -7.02
pdb1o0d_H_0248_163, -7.02
pdb2zff_H_2001_53U, -7.02
pdb3rm2_H_0001_S00, -7.02
pdb3utu_H_0901_1TS, -7.02
pdb3uuz_A_0481_0CB, -7.02
pdb1lhc_H_0400_DP7, -7.03
pdb1nt1_A_0247_T76, -7.03
pdb1ypm_H_5555_RA4, -7.03
pdb4lxb_H_0304_7R9, -7.03
pdb1c4v_2_0370_IH2, -7.04
pdb1ta6_A_0401_177, -7.04
pdb1tbz_H_0343_00Q, -7.04
pdb2jh0_D_1247_701, -7.04
pdb2zfp_H_0801_19U, -7.04
pdb2zfr_H_0501_46U, -7.04
pdb2zp0_H_1001_PI0, -7.04
pdb4ud9_H_1257_FQI, -7.04
pdb5afz_H_1248_UET, -7.04
pdb6zuh_H_1001_N6H, -7.04
pdb1a3b_H_0001_T29, -7.05
pdb1nm6_A_0247_L86, -7.05
pdb1sl3_A_1001_170, -7.05
pdb1vzq_H_1256_SHY, -7.05
pdb1ypl_H_5555_RA8, -7.05
pdb2bvr_H_1246_4CP, -7.05
pdb3dux_H_0901_64U, -7.05
pdb3ldx_H_0001_NLI, -7.05
pdb3qto_H_1001_10P, -7.05
pdb3rmm_H_0001_M32, -7.05
pdb7dfl_R_0900_HSM, -7.05
pdb1ihs_I_0003_OPR, -7.06
pdb1qj6_B_1248_167, -7.06
pdb1w2k_H_1258_380, -7.06
pdb2c90_B_1250_C1M, -7.06
pdb2jh5_D_1249_895, -7.06
pdb3e6p_H_0301_DFK, -7.06
pdb3po1_C_0001_MKY, -7.06
pdb3sv2_H_0001_P05, -7.06
pdb4uff_H_1248_6V2, -7.06
pdb1hdt_H_0001_0E7, -7.07
pdb1kts_B_0999_C24, -7.07
pdb3u98_H_0001_BJA, -7.07
pdb4baq_B_1287_M4Z, -7.07
pdb6t7h_B_0704_MRQ, -7.07
pdb1etr_H_0001_MIT, -7.08
pdb3shc_H_0003_B01, -7.08
pdb4ban_B_1287_M6S, -7.08
pdb4e7r_H_0302_0NW, -7.08
pdb1afe_H_0600_ALZ, -7.09
pdb1iht_I_0003_A5R, -7.09
pdb1k22_H_0999_MEL, -7.09
pdb1oyt_H_0501_FSN, -7.09
pdb1zrb_A_1001_062, -7.09
pdb2uuk_B_2250_897, -7.09
pdb3biv_H_0999_11U, -7.09
pdb6zgo_H_0306_QKE, -7.09
pdb1d6w_A_0380_00R, -7.10
pdb1mu8_B_0248_CDB, -7.10
pdb3qx5_H_0005_02P, -7.10
pdb1abi_I_0003_HMR, -7.11
pdb1qbv_H_0907_PPX, -7.11
pdb1z71_A_1001_L17, -7.11
pdb2zgx_H_1601_29U, -7.11
pdb2zhw_H_0501_12U, -7.11
pdb3t5f_H_0001_M34, -7.11
pdb3u9a_H_0001_S33, -7.11
pdb1ba8_B_0001_0IT, -7.12
pdb1mue_B_0248_CDD, -7.12
pdb2zfq_H_0501_45U, -7.12
pdb1xm1_A_1001_GAH, -7.13
pdb2zg0_H_0701_50U, -7.13
pdb4ufd_H_1251_S49, -7.13
pdb1sb1_H_1001_165, -7.14
pdb3bu1_A_0301_HSM, -7.14
pdb3egk_H_0601_M18, -7.14
pdb6zux_H_1001_QQE, -7.14
pdb1ae8_H_0600_AZL, -7.15
pdb1aht_H_0401_APA, -7.15
pdb1doj_A_0401_1Z0, -7.15
pdb1g30_B_0001_T87, -7.15
pdb2c8x_B_1251_C5M, -7.15
pdb3c1k_A_0403_T15, -7.15
pdb3si4_H_0001_B04, -7.15
pdb5lce_H_0301_6TH, -7.15
pdb1iqk_A_0401_XMI, -7.16
pdb6zuu_H_1001_QQN, -7.16
pdb1d3d_B_0400_BZT, -7.17
pdb2v3o_H_1246_I26, -7.17
pdb2zc9_H_1501_22U, -7.17
pdb2zhe_H_0501_13U, -7.17
pdb4jyt_A_0900_N4A, -7.17
pdb5lgo_A_0303_6VZ, -7.18
pdb6zv8_H_1001_QQT, -7.19
pdb1a5g_H_0372_00L, -7.20
pdb1k21_H_0999_IGN, -7.20
pdb1qj1_B_1248_166, -7.20
pdb1d4p_B_0400_BPP, -7.21
pdb1iqi_A_0401_XMG, -7.21
pdb1ktt_B_0001_C02, -7.21
pdb6zv7_H_0302_QQW, -7.21
pdb1iqm_A_0401_XMK, -7.22
pdb1qur_I_0047_00I, -7.22
pdb1ype_H_5555_UIP, -7.24
pdb4ufe_H_1249_3ZD, -7.24
pdb1d3q_B_0400_BT2, -7.25
pdb1de7_A_0037_AR7, -7.25
pdb1g32_B_0001_R11, -7.25
pdb1lhf_H_0400_DI4, -7.25
pdb1riw_C_1001_OSC, -7.25
pdb1ucy_F_0016_OPR, -7.25
pdb4jzd_H_0301_1NJ, -7.25
pdb2uuj_B_1250_896, -7.26
pdb2zi2_H_0801_24U, -7.26
pdb4x1r_P_0100_PL0, -7.26
pdb8tqs_H_0303_4CC, -7.26
pdb1awh_B_0001_GR3, -7.27
pdb2bxu_H_1246_C1D, -7.27
pdb3e0p_B_0001_B3C, -7.27
pdb3uwj_H_0302_TIF, -7.27
pdb4o97_A_0900_NTX, -7.27
pdb4ufg_H_1249_D6J, -7.27
pdb1dit_P_0004_0MG, -7.28
pdb6x3t_A_0405_ABU, -7.28
pdb1bhx_F_0001_R56, -7.30
pdb3rmn_H_0001_M41, -7.30
pdb9ffu_E_0501_ABU, -7.30
pdb2gv7_A_0245_672, -7.31
pdb2x45_A_1160_HSM, -7.31
pdb1awf_H_0001_GR4, -7.32
pdb3rmo_H_0001_S04, -7.32
pdb2pks_C_0101_G44, -7.33
pdb3rml_H_0001_M31, -7.33
pdb6gwe_A_0301_ODB, -7.33
pdb1ai8_H_0002_T42, -7.34
pdb2zhq_H_0501_27U, -7.35
pdb3dt0_H_0901_16U, -7.35
pdb6cym_A_0300_71F, -7.36
pdb3rly_H_0001_S29, -7.39
pdb2wyg_A_1245_461, -7.42
pdb3c27_B_5000_DKK, -7.45
pdb4q2k_A_0301_5BF, -7.48
pdb1lhg_H_0400_DI5, -7.50
pdb2b7d_H_0258_C1B, -7.55
pdb2zf0_H_0501_51U, -7.55
pdb3e16_B_0001_B4C, -7.58
pdb5wxf_P_0004_HRG, -7.58
pdb9fg0_B_0501_ABU, -7.60
pdb1bui_A_0246_0GJ, -7.66
pdb1o5d_H_0258_CR9, -7.70
pdb1kar_A_0502_HSM, -7.73
pdb9crs_A_0501_ABU, -7.78
pdb9faj_A_3907_ABU, -7.81
