	0.05, 1, ('8yn3_R0.pdb', 19)
	0.05, 2, ('6dyn_A0.pdb', 18)
	0.05, 3, ('5rus_A0.pdb', 15)
	0.05, 4, ('2x45_C7.pdb', 7)
	0.05, 5, ('3bu1_A0.pdb', 5)
	0.05, 6, ('2x45_C7.pdb', 4)
	0.05, 7, ('8yuu_R0.pdb', 4)
	0.05, 8, ('8yuu_R0.pdb', 4)
	0.1, 1, ('6dyn_A0.pdb', 18)
	0.1, 2, ('6dyn_A0.pdb', 18)
	0.1, 3, ('5rus_A0.pdb', 15)
	0.1, 4, ('2x45_C7.pdb', 7)
	0.1, 5, ('3bu1_A0.pdb', 5)
	0.1, 6, ('2x45_C7.pdb', 4)
	0.1, 7, ('8yuu_R0.pdb', 4)
	0.1, 8, ('8yuu_R0.pdb', 4)
	0.15, 1, ('5rus_A0.pdb', 17)
	0.15, 2, ('5rus_A0.pdb', 17)
	0.15, 3, ('5rus_A0.pdb', 15)
	0.15, 4, ('2x45_C7.pdb', 7)
	0.15, 5, ('3bu1_A0.pdb', 5)
	0.15, 6, ('2x45_C7.pdb', 4)
	0.15, 7, ('8yuu_R0.pdb', 4)
	0.15, 8, ('8yuu_R0.pdb', 4)
	0.2, 1, ('5rus_A0.pdb', 15)
	0.2, 2, ('5rus_A0.pdb', 15)
	0.2, 3, ('5rus_A0.pdb', 15)
	0.2, 4, ('2x45_C7.pdb', 7)
	0.2, 5, ('3bu1_A0.pdb', 5)
	0.2, 6, ('2x45_C7.pdb', 4)
	0.2, 7, ('8yuu_R0.pdb', 4)
	0.2, 8, ('8yuu_R0.pdb', 4)
	0.25, 1, ('1u18_A0.pdb', 10)
	0.25, 2, ('1u18_A0.pdb', 10)
	0.25, 3, ('1u18_A0.pdb', 10)
	0.25, 4, ('2x45_C7.pdb', 7)
	0.25, 5, ('3bu1_A0.pdb', 5)
	0.25, 6, ('2x45_C7.pdb', 4)
	0.25, 7, ('8yuu_R0.pdb', 4)
	0.25, 8, ('8yuu_R0.pdb', 4)
	0.3, 1, ('2x45_C7.pdb', 8)
	0.3, 2, ('2x45_C7.pdb', 8)
	0.3, 3, ('2x45_C7.pdb', 8)
	0.3, 4, ('2x45_C7.pdb', 7)
	0.3, 5, ('3bu1_A0.pdb', 5)
	0.3, 6, ('2x45_C7.pdb', 4)
	0.3, 7, ('8yuu_R0.pdb', 4)
	0.3, 8, ('8yuu_R0.pdb', 4)
	0.35, 1, ('2x45_C7.pdb', 6)
	0.35, 2, ('2x45_C7.pdb', 6)
	0.35, 3, ('2x45_C7.pdb', 6)
	0.35, 4, ('2x45_C7.pdb', 6)
	0.35, 5, ('3bu1_A0.pdb', 5)
	0.35, 6, ('2x45_C7.pdb', 4)
	0.35, 7, ('8yuu_R0.pdb', 4)
	0.35, 8, ('8yuu_R0.pdb', 4)
	0.4, 1, ('2x45_C7.pdb', 5)
	0.4, 2, ('2x45_C7.pdb', 5)
	0.4, 3, ('2x45_C7.pdb', 5)
	0.4, 4, ('2x45_C7.pdb', 5)
	0.4, 5, ('2x45_C7.pdb', 4)
	0.4, 6, ('2x45_C7.pdb', 4)
	0.4, 7, ('8yuu_R0.pdb', 4)
	0.4, 8, ('8yuu_R0.pdb', 4)
	0.45, 1, ('2x45_C7.pdb', 4)
	0.45, 2, ('2x45_C7.pdb', 4)
	0.45, 3, ('2x45_C7.pdb', 4)
	0.45, 4, ('2x45_C7.pdb', 4)
	0.45, 5, ('2x45_C7.pdb', 4)
	0.45, 6, ('2x45_C7.pdb', 4)
	0.45, 7, ('8yuu_R0.pdb', 4)
	0.45, 8, ('8yuu_R0.pdb', 4)
	0.5, 1, ('8yuu_R0.pdb', 4)
	0.5, 2, ('8yuu_R0.pdb', 4)
	0.5, 3, ('8yuu_R0.pdb', 4)
	0.5, 4, ('8yuu_R0.pdb', 4)
	0.5, 5, ('8yuu_R0.pdb', 4)
	0.5, 6, ('8yuu_R0.pdb', 4)
	0.5, 7, ('8yuu_R0.pdb', 4)
	0.5, 8, ('8yuu_R0.pdb', 4)
	0.55, 1, ('8yuu_R0.pdb', 4)
	0.55, 2, ('8yuu_R0.pdb', 4)
	0.55, 3, ('8yuu_R0.pdb', 4)
	0.55, 4, ('8yuu_R0.pdb', 4)
	0.55, 5, ('8yuu_R0.pdb', 4)
	0.55, 6, ('8yuu_R0.pdb', 4)
	0.55, 7, ('8yuu_R0.pdb', 4)
	0.55, 8, ('8yuu_R0.pdb', 4)
	0.6, 1, ('8yuu_R0.pdb', 4)
	0.6, 2, ('8yuu_R0.pdb', 4)
	0.6, 3, ('8yuu_R0.pdb', 4)
	0.6, 4, ('8yuu_R0.pdb', 4)
	0.6, 5, ('8yuu_R0.pdb', 4)
	0.6, 6, ('8yuu_R0.pdb', 4)
	0.6, 7, ('8yuu_R0.pdb', 4)
	0.6, 8, ('8yuu_R0.pdb', 4)
	0.65, 1, ('8yuu_R0.pdb', 4)
	0.65, 2, ('8yuu_R0.pdb', 4)
	0.65, 3, ('8yuu_R0.pdb', 4)
	0.65, 4, ('8yuu_R0.pdb', 4)
	0.65, 5, ('8yuu_R0.pdb', 4)
	0.65, 6, ('8yuu_R0.pdb', 4)
	0.65, 7, ('8yuu_R0.pdb', 4)
	0.65, 8, ('8yuu_R0.pdb', 4)
	0.7, 1, ('8yn3_R0.pdb', 3)
	0.7, 2, ('8yn3_R0.pdb', 3)
	0.7, 3, ('8yn3_R0.pdb', 3)
	0.7, 4, ('8yn3_R0.pdb', 3)
	0.7, 5, ('8yn3_R0.pdb', 3)
	0.7, 6, ('8yn3_R0.pdb', 3)
	0.7, 7, ('8yn3_R0.pdb', 3)
	0.7, 8, ('8yn3_R0.pdb', 3)
	0.75, 1, ('8jt5_A0.pdb', 2)
	0.75, 2, ('8jt5_A0.pdb', 2)
	0.75, 3, ('8jt5_A0.pdb', 2)
	0.75, 4, ('8jt5_A0.pdb', 2)
	0.75, 5, ('8jt5_A0.pdb', 2)
	0.75, 6, ('8jt5_A0.pdb', 2)
	0.75, 7, ('8jt5_A0.pdb', 2)
	0.75, 8, ('8jt5_A0.pdb', 2)
	0.8, 1, ('8yuu_R0.pdb', 2)
	0.8, 2, ('8yuu_R0.pdb', 2)
	0.8, 3, ('8yuu_R0.pdb', 2)
	0.8, 4, ('8yuu_R0.pdb', 2)
	0.8, 5, ('8yuu_R0.pdb', 2)
	0.8, 6, ('8yuu_R0.pdb', 2)
	0.8, 7, ('8yuu_R0.pdb', 2)
	0.8, 8, ('8yuu_R0.pdb', 2)

	0.05, 1, ('8yn3_R0.pdb', 18)
	0.05, 2, ('6dyn_A0.pdb', 17)
	0.05, 3, ('5rus_A0.pdb', 15)
	0.05, 4, ('8yn3_R0.pdb', 7)
	0.05, 5, ('3bu1_A0.pdb', 5)
	0.05, 6, ('8yuu_R0.pdb', 4)
	0.05, 7, ('8yuu_R0.pdb', 4)
	0.05, 8, ('8yn2_R0.pdb', 4)
	0.1, 1, ('6dyn_A0.pdb', 17)
	0.1, 2, ('6dyn_A0.pdb', 17)
	0.1, 3, ('5rus_A0.pdb', 15)
	0.1, 4, ('8yn3_R0.pdb', 7)
	0.1, 5, ('3bu1_A0.pdb', 5)
	0.1, 6, ('8yuu_R0.pdb', 4)
	0.1, 7, ('8yuu_R0.pdb', 4)
	0.1, 8, ('8yn2_R0.pdb', 4)
	0.15, 1, ('5rus_A0.pdb', 15)
	0.15, 2, ('5rus_A0.pdb', 15)
	0.15, 3, ('5rus_A0.pdb', 15)
	0.15, 4, ('8yn3_R0.pdb', 7)
	0.15, 5, ('3bu1_A0.pdb', 5)
	0.15, 6, ('8yuu_R0.pdb', 4)
	0.15, 7, ('8yuu_R0.pdb', 4)
	0.15, 8, ('8yn2_R0.pdb', 4)
	0.2, 1, ('5rus_A0.pdb', 15)
	0.2, 2, ('5rus_A0.pdb', 15)
	0.2, 3, ('5rus_A0.pdb', 15)
	0.2, 4, ('8yn3_R0.pdb', 7)
	0.2, 5, ('3bu1_A0.pdb', 5)
	0.2, 6, ('8yuu_R0.pdb', 4)
	0.2, 7, ('8yuu_R0.pdb', 4)
	0.2, 8, ('8yn2_R0.pdb', 4)
	0.25, 1, ('5rus_A0.pdb', 8)
	0.25, 2, ('5rus_A0.pdb', 8)
	0.25, 3, ('5rus_A0.pdb', 8)
	0.25, 4, ('8yn3_R0.pdb', 7)
	0.25, 5, ('3bu1_A0.pdb', 5)
	0.25, 6, ('8yuu_R0.pdb', 4)
	0.25, 7, ('8yuu_R0.pdb', 4)
	0.25, 8, ('8yn2_R0.pdb', 4)
	0.3, 1, ('8yn3_R0.pdb', 7)
	0.3, 2, ('8yn3_R0.pdb', 7)
	0.3, 3, ('8yn3_R0.pdb', 7)
	0.3, 4, ('8yn3_R0.pdb', 7)
	0.3, 5, ('3bu1_A0.pdb', 5)
	0.3, 6, ('8yuu_R0.pdb', 4)
	0.3, 7, ('8yuu_R0.pdb', 4)
	0.3, 8, ('8yn2_R0.pdb', 4)
	0.35, 1, ('2x45_B4.pdb', 6)
	0.35, 2, ('2x45_B4.pdb', 6)
	0.35, 3, ('2x45_B4.pdb', 6)
	0.35, 4, ('2x45_B4.pdb', 6)
	0.35, 5, ('3bu1_A0.pdb', 5)
	0.35, 6, ('8yuu_R0.pdb', 4)
	0.35, 7, ('8yuu_R0.pdb', 4)
	0.35, 8, ('8yn2_R0.pdb', 4)
	0.4, 1, ('2x45_B4.pdb', 5)
	0.4, 2, ('2x45_B4.pdb', 5)
	0.4, 3, ('2x45_B4.pdb', 5)
	0.4, 4, ('2x45_B4.pdb', 5)
	0.4, 5, ('8yuu_R0.pdb', 4)
	0.4, 6, ('8yuu_R0.pdb', 4)
	0.4, 7, ('8yuu_R0.pdb', 4)
	0.4, 8, ('8yn2_R0.pdb', 4)
	0.45, 1, ('8yuu_R0.pdb', 4)
	0.45, 2, ('8yuu_R0.pdb', 4)
	0.45, 3, ('8yuu_R0.pdb', 4)
	0.45, 4, ('8yuu_R0.pdb', 4)
	0.45, 5, ('8yuu_R0.pdb', 4)
	0.45, 6, ('8yuu_R0.pdb', 4)
	0.45, 7, ('8yuu_R0.pdb', 4)
	0.45, 8, ('8yn2_R0.pdb', 4)
	0.5, 1, ('8yuu_R0.pdb', 4)
	0.5, 2, ('8yuu_R0.pdb', 4)
	0.5, 3, ('8yuu_R0.pdb', 4)
	0.5, 4, ('8yuu_R0.pdb', 4)
	0.5, 5, ('8yuu_R0.pdb', 4)
	0.5, 6, ('8yuu_R0.pdb', 4)
	0.5, 7, ('8yuu_R0.pdb', 4)
	0.5, 8, ('8yn2_R0.pdb', 4)
	0.55, 1, ('8yuu_R0.pdb', 4)
	0.55, 2, ('8yuu_R0.pdb', 4)
	0.55, 3, ('8yuu_R0.pdb', 4)
	0.55, 4, ('8yuu_R0.pdb', 4)
	0.55, 5, ('8yuu_R0.pdb', 4)
	0.55, 6, ('8yuu_R0.pdb', 4)
	0.55, 7, ('8yuu_R0.pdb', 4)
	0.55, 8, ('8yn2_R0.pdb', 4)
	0.6, 1, ('8yuu_R0.pdb', 4)
	0.6, 2, ('8yuu_R0.pdb', 4)
	0.6, 3, ('8yuu_R0.pdb', 4)
	0.6, 4, ('8yuu_R0.pdb', 4)
	0.6, 5, ('8yuu_R0.pdb', 4)
	0.6, 6, ('8yuu_R0.pdb', 4)
	0.6, 7, ('8yuu_R0.pdb', 4)
	0.6, 8, ('8yn2_R0.pdb', 4)
	0.65, 1, ('8yuu_R0.pdb', 4)
	0.65, 2, ('8yuu_R0.pdb', 4)
	0.65, 3, ('8yuu_R0.pdb', 4)
	0.65, 4, ('8yuu_R0.pdb', 4)
	0.65, 5, ('8yuu_R0.pdb', 4)
	0.65, 6, ('8yuu_R0.pdb', 4)
	0.65, 7, ('8yuu_R0.pdb', 4)
	0.65, 8, ('8yn2_R0.pdb', 4)
	0.7, 1, ('8yn3_R0.pdb', 3)
	0.7, 2, ('8yn3_R0.pdb', 3)
	0.7, 3, ('8yn3_R0.pdb', 3)
	0.7, 4, ('8yn3_R0.pdb', 3)
	0.7, 5, ('8yn3_R0.pdb', 3)
	0.7, 6, ('8yn3_R0.pdb', 3)
	0.7, 7, ('8yn3_R0.pdb', 3)
	0.7, 8, ('8yn9_R0.pdb', 3)
	0.75, 1, ('8yuu_R0.pdb', 2)
	0.75, 2, ('8yuu_R0.pdb', 2)
	0.75, 3, ('8yuu_R0.pdb', 2)
	0.75, 4, ('8yuu_R0.pdb', 2)
	0.75, 5, ('8yuu_R0.pdb', 2)
	0.75, 6, ('8yuu_R0.pdb', 2)
	0.75, 7, ('8yuu_R0.pdb', 2)
	0.75, 8, ('8yn2_R0.pdb', 2)
	0.8, 1, ('8yuu_R0.pdb', 2)
	0.8, 2, ('8yuu_R0.pdb', 2)
	0.8, 3, ('8yuu_R0.pdb', 2)
	0.8, 4, ('8yuu_R0.pdb', 2)
	0.8, 5, ('8yuu_R0.pdb', 2)
	0.8, 6, ('8yuu_R0.pdb', 2)
	0.8, 7, ('8yuu_R0.pdb', 2)
	0.8, 8, ('8yn2_R0.pdb', 2)

