Source,Target,Score
1jqd_B,1jqd_A,0.98951
1kar_B,1kar_A,1.0
1np1_A,1ike_A,0.902174
1np1_B,1ike_A,0.902174
1np1_B,1np1_A,1.0
1qft_B,1qft_A,1.0
1qfv_A,1qft_A,1.0
1qfv_A,1qft_B,1.0
1qfv_B,1qft_A,1.0
1qfv_B,1qft_B,1.0
1qfv_B,1qfv_A,1.0
1u18_A,1ike_A,0.896739
1u18_A,1np1_A,0.994565
1u18_A,1np1_B,0.994565
1u18_B,1ike_A,0.896739
1u18_B,1np1_A,0.994565
1u18_B,1np1_B,0.994565
1u18_B,1u18_A,1.0
2qeb_B,2qeb_A,1.0
2x45_B,2x45_A,1.0
2x45_C,2x45_A,1.0
2x45_C,2x45_B,1.0
3g7x_A,1qft_A,0.994152
3g7x_A,1qft_B,0.994083
3g7x_A,1qfv_A,0.994152
3g7x_A,1qfv_B,0.994083
3g7x_B,1qft_A,0.994118
3g7x_B,1qft_B,0.994083
3g7x_B,1qfv_A,0.994118
3g7x_B,1qfv_B,0.994083
3g7x_B,3g7x_A,1.0
6fu4_B,6fu4_A,1.0
6fu4_C,6fu4_A,1.0
6fu4_C,6fu4_B,1.0
6fu4_D,6fu4_A,1.0
6fu4_D,6fu4_B,1.0
6fu4_D,6fu4_C,1.0
6qfa_B,6qfa_A,1.0
6qfa_C,6qfa_A,1.0
6qfa_C,6qfa_B,1.0
6qfa_D,6qfa_A,1.0
6qfa_D,6qfa_B,1.0
6qfa_D,6qfa_C,1.0
6qfa_E,6qfa_A,1.0
6qfa_E,6qfa_B,1.0
6qfa_E,6qfa_C,1.0
6qfa_E,6qfa_D,1.0
7a5v_A,6qfa_A,1.0
7a5v_A,6qfa_B,1.0
7a5v_A,6qfa_C,1.0
7a5v_A,6qfa_D,1.0
7a5v_A,6qfa_E,1.0
7pbd_B,6qfa_A,0.978979
7pbd_B,6qfa_B,0.978979
7pbd_B,6qfa_C,0.978979
7pbd_B,6qfa_D,0.978979
7pbd_B,6qfa_E,0.978979
7pbd_B,7a5v_A,0.976048
7pbd_C,6qfa_A,0.987879
7pbd_C,6qfa_B,0.987879
7pbd_C,6qfa_C,0.987879
7pbd_C,6qfa_D,0.987879
7pbd_C,6qfa_E,0.987879
7pbd_C,7a5v_A,0.987879
7pbd_C,7pbd_B,0.990909
7pbz_C,6qfa_A,0.987879
7pbz_C,6qfa_B,0.987879
7pbz_C,6qfa_C,0.987879
7pbz_C,6qfa_D,0.987879
7pbz_C,6qfa_E,0.987879
7pbz_C,7a5v_A,0.987879
7pbz_C,7pbd_B,0.990909
7pbz_C,7pbd_C,1.0
7pbz_D,6qfa_A,0.987879
7pbz_D,6qfa_B,0.987879
7pbz_D,6qfa_C,0.987879
7pbz_D,6qfa_D,0.987879
7pbz_D,6qfa_E,0.987879
7pbz_D,7a5v_A,0.987879
7pbz_D,7pbd_B,0.990909
7pbz_D,7pbd_C,1.0
7pbz_D,7pbz_C,1.0
7pc0_C,6qfa_A,0.987879
7pc0_C,6qfa_B,0.987879
7pc0_C,6qfa_C,0.987879
7pc0_C,6qfa_D,0.987879
7pc0_C,6qfa_E,0.987879
7pc0_C,7a5v_A,0.987879
7pc0_C,7pbd_B,0.990909
7pc0_C,7pbd_C,1.0
7pc0_C,7pbz_C,1.0
7pc0_C,7pbz_D,1.0
7pc0_D,6qfa_A,0.987879
7pc0_D,6qfa_B,0.987879
7pc0_D,6qfa_C,0.987879
7pc0_D,6qfa_D,0.987879
7pc0_D,6qfa_E,0.987879
7pc0_D,7a5v_A,0.987879
7pc0_D,7pbd_B,0.990909
7pc0_D,7pbd_C,1.0
7pc0_D,7pbz_C,1.0
7pc0_D,7pbz_D,1.0
7pc0_D,7pc0_C,1.0
7qn7_B,6qfa_A,0.984709
7qn7_B,6qfa_B,0.984709
7qn7_B,6qfa_C,0.984709
7qn7_B,6qfa_D,0.984709
7qn7_B,6qfa_E,0.984709
7qn7_B,7a5v_A,0.987768
7qn7_B,7pbd_B,0.987768
7qn7_B,7pbd_C,0.987768
7qn7_B,7pbz_C,0.987768
7qn7_B,7pbz_D,0.987768
7qn7_B,7pc0_C,0.987768
7qn7_B,7pc0_D,0.987768
7qn7_C,6qfa_A,0.984709
7qn7_C,6qfa_B,0.984709
7qn7_C,6qfa_C,0.984709
7qn7_C,6qfa_D,0.984709
7qn7_C,6qfa_E,0.984709
7qn7_C,7a5v_A,0.987768
7qn7_C,7pbd_B,0.987768
7qn7_C,7pbd_C,0.987768
7qn7_C,7pbz_C,0.987768
7qn7_C,7pbz_D,0.987768
7qn7_C,7pc0_C,0.987768
7qn7_C,7pc0_D,0.987768
7qn7_C,7qn7_B,1.0
7qn7_D,6qfa_A,0.984709
7qn7_D,6qfa_B,0.984709
7qn7_D,6qfa_C,0.984709
7qn7_D,6qfa_D,0.984709
7qn7_D,6qfa_E,0.984709
7qn7_D,7a5v_A,0.987768
7qn7_D,7pbd_B,0.987768
7qn7_D,7pbd_C,0.987768
7qn7_D,7pbz_C,0.987768
7qn7_D,7pbz_D,0.987768
7qn7_D,7pc0_C,0.987768
7qn7_D,7pc0_D,0.987768
7qn7_D,7qn7_B,1.0
7qn7_D,7qn7_C,1.0
7qn8_A,6qfa_A,0.984709
7qn8_A,6qfa_B,0.984709
7qn8_A,6qfa_C,0.984709
7qn8_A,6qfa_D,0.984709
7qn8_A,6qfa_E,0.984709
7qn8_A,7a5v_A,0.987768
7qn8_A,7pbd_B,0.987768
7qn8_A,7pbd_C,0.987768
7qn8_A,7pbz_C,0.987768
7qn8_A,7pbz_D,0.987768
7qn8_A,7pc0_C,0.987768
7qn8_A,7pc0_D,0.987768
7qn8_A,7qn7_B,1.0
7qn8_A,7qn7_C,1.0
7qn8_A,7qn7_D,1.0
7qn8_B,6qfa_A,0.984709
7qn8_B,6qfa_B,0.984709
7qn8_B,6qfa_C,0.984709
7qn8_B,6qfa_D,0.984709
7qn8_B,6qfa_E,0.984709
7qn8_B,7a5v_A,0.987768
7qn8_B,7pbd_B,0.987768
7qn8_B,7pbd_C,0.987768
7qn8_B,7pbz_C,0.987768
7qn8_B,7pbz_D,0.987768
7qn8_B,7pc0_C,0.987768
7qn8_B,7pc0_D,0.987768
7qn8_B,7qn7_B,1.0
7qn8_B,7qn7_C,1.0
7qn8_B,7qn7_D,1.0
7qn8_B,7qn8_A,1.0
7qn8_C,6qfa_A,0.984709
7qn8_C,6qfa_B,0.984709
7qn8_C,6qfa_C,0.984709
7qn8_C,6qfa_D,0.984709
7qn8_C,6qfa_E,0.984709
7qn8_C,7a5v_A,0.987768
7qn8_C,7pbd_B,0.987768
7qn8_C,7pbd_C,0.987768
7qn8_C,7pbz_C,0.987768
7qn8_C,7pbz_D,0.987768
7qn8_C,7pc0_C,0.987768
7qn8_C,7pc0_D,0.987768
7qn8_C,7qn7_B,1.0
7qn8_C,7qn7_C,1.0
7qn8_C,7qn7_D,1.0
7qn8_C,7qn8_A,1.0
7qn8_C,7qn8_B,1.0
7qn8_D,6qfa_A,0.984709
7qn8_D,6qfa_B,0.984709
7qn8_D,6qfa_C,0.984709
7qn8_D,6qfa_D,0.984709
7qn8_D,6qfa_E,0.984709
7qn8_D,7a5v_A,0.987768
7qn8_D,7pbd_B,0.987768
7qn8_D,7pbd_C,0.987768
7qn8_D,7pbz_C,0.987768
7qn8_D,7pbz_D,0.987768
7qn8_D,7pc0_C,0.987768
7qn8_D,7pc0_D,0.987768
7qn8_D,7qn7_B,1.0
7qn8_D,7qn7_C,1.0
7qn8_D,7qn7_D,1.0
7qn8_D,7qn8_A,1.0
7qn8_D,7qn8_B,1.0
7qn8_D,7qn8_C,1.0
7qn9_B,6qfa_A,0.97281
7qn9_B,6qfa_B,0.97281
7qn9_B,6qfa_C,0.97281
7qn9_B,6qfa_D,0.97281
7qn9_B,6qfa_E,0.97281
7qn9_B,7a5v_A,0.97281
7qn9_B,7pbd_B,0.975831
7qn9_B,7pbd_C,0.981818
7qn9_B,7pbz_C,0.981818
7qn9_B,7pbz_D,0.981818
7qn9_B,7pc0_C,0.981818
7qn9_B,7pc0_D,0.981818
7qn9_B,7qn7_B,0.987768
7qn9_B,7qn7_C,0.987768
7qn9_B,7qn7_D,0.987768
7qn9_B,7qn8_A,0.987768
7qn9_B,7qn8_B,0.987768
7qn9_B,7qn8_C,0.987768
7qn9_B,7qn8_D,0.987768
7qn9_C,6qfa_A,0.97281
7qn9_C,6qfa_B,0.97281
7qn9_C,6qfa_C,0.97281
7qn9_C,6qfa_D,0.97281
7qn9_C,6qfa_E,0.97281
7qn9_C,7a5v_A,0.97281
7qn9_C,7pbd_B,0.975831
7qn9_C,7pbd_C,0.981818
7qn9_C,7pbz_C,0.981818
7qn9_C,7pbz_D,0.981818
7qn9_C,7pc0_C,0.981818
7qn9_C,7pc0_D,0.981818
7qn9_C,7qn7_B,0.987768
7qn9_C,7qn7_C,0.987768
7qn9_C,7qn7_D,0.987768
7qn9_C,7qn8_A,0.987768
7qn9_C,7qn8_B,0.987768
7qn9_C,7qn8_C,0.987768
7qn9_C,7qn8_D,0.987768
7qn9_C,7qn9_B,1.0
7qn9_D,6qfa_A,0.97281
7qn9_D,6qfa_B,0.97281
7qn9_D,6qfa_C,0.97281
7qn9_D,6qfa_D,0.97281
7qn9_D,6qfa_E,0.97281
7qn9_D,7a5v_A,0.97281
7qn9_D,7pbd_B,0.975831
7qn9_D,7pbd_C,0.981818
7qn9_D,7pbz_C,0.981818
7qn9_D,7pbz_D,0.981818
7qn9_D,7pc0_C,0.981818
7qn9_D,7pc0_D,0.981818
7qn9_D,7qn7_B,0.987768
7qn9_D,7qn7_C,0.987768
7qn9_D,7qn7_D,0.987768
7qn9_D,7qn8_A,0.987768
7qn9_D,7qn8_B,0.987768
7qn9_D,7qn8_C,0.987768
7qn9_D,7qn8_D,0.987768
7qn9_D,7qn9_B,1.0
7qn9_D,7qn9_C,1.0
7qnc_B,6qfa_A,0.984709
7qnc_B,6qfa_B,0.984709
7qnc_B,6qfa_C,0.984709
7qnc_B,6qfa_D,0.984709
7qnc_B,6qfa_E,0.984709
7qnc_B,7a5v_A,0.987768
7qnc_B,7pbd_B,0.987768
7qnc_B,7pbd_C,0.987768
7qnc_B,7pbz_C,0.987768
7qnc_B,7pbz_D,0.987768
7qnc_B,7pc0_C,0.987768
7qnc_B,7pc0_D,0.987768
7qnc_B,7qn7_B,1.0
7qnc_B,7qn7_C,1.0
7qnc_B,7qn7_D,1.0
7qnc_B,7qn8_A,1.0
7qnc_B,7qn8_B,1.0
7qnc_B,7qn8_C,1.0
7qnc_B,7qn8_D,1.0
7qnc_B,7qn9_B,0.987768
7qnc_B,7qn9_C,0.987768
7qnc_B,7qn9_D,0.987768
7qnc_C,6qfa_A,0.984709
7qnc_C,6qfa_B,0.984709
7qnc_C,6qfa_C,0.984709
7qnc_C,6qfa_D,0.984709
7qnc_C,6qfa_E,0.984709
7qnc_C,7a5v_A,0.987768
7qnc_C,7pbd_B,0.987768
7qnc_C,7pbd_C,0.987768
7qnc_C,7pbz_C,0.987768
7qnc_C,7pbz_D,0.987768
7qnc_C,7pc0_C,0.987768
7qnc_C,7pc0_D,0.987768
7qnc_C,7qn7_B,1.0
7qnc_C,7qn7_C,1.0
7qnc_C,7qn7_D,1.0
7qnc_C,7qn8_A,1.0
7qnc_C,7qn8_B,1.0
7qnc_C,7qn8_C,1.0
7qnc_C,7qn8_D,1.0
7qnc_C,7qn9_B,0.987768
7qnc_C,7qn9_C,0.987768
7qnc_C,7qn9_D,0.987768
7qnc_C,7qnc_B,1.0
7qnc_D,6qfa_A,0.984709
7qnc_D,6qfa_B,0.984709
7qnc_D,6qfa_C,0.984709
7qnc_D,6qfa_D,0.984709
7qnc_D,6qfa_E,0.984709
7qnc_D,7a5v_A,0.987768
7qnc_D,7pbd_B,0.987768
7qnc_D,7pbd_C,0.987768
7qnc_D,7pbz_C,0.987768
7qnc_D,7pbz_D,0.987768
7qnc_D,7pc0_C,0.987768
7qnc_D,7pc0_D,0.987768
7qnc_D,7qn7_B,1.0
7qnc_D,7qn7_C,1.0
7qnc_D,7qn7_D,1.0
7qnc_D,7qn8_A,1.0
7qnc_D,7qn8_B,1.0
7qnc_D,7qn8_C,1.0
7qnc_D,7qn8_D,1.0
7qnc_D,7qn9_B,0.987768
7qnc_D,7qn9_C,0.987768
7qnc_D,7qn9_D,0.987768
7qnc_D,7qnc_B,1.0
7qnc_D,7qnc_C,1.0
7qnd_A,6qfa_A,0.984709
7qnd_A,6qfa_B,0.984709
7qnd_A,6qfa_C,0.984709
7qnd_A,6qfa_D,0.984709
7qnd_A,6qfa_E,0.984709
7qnd_A,7a5v_A,0.987768
7qnd_A,7pbd_B,0.987768
7qnd_A,7pbd_C,0.987768
7qnd_A,7pbz_C,0.987768
7qnd_A,7pbz_D,0.987768
7qnd_A,7pc0_C,0.987768
7qnd_A,7pc0_D,0.987768
7qnd_A,7qn7_B,1.0
7qnd_A,7qn7_C,1.0
7qnd_A,7qn7_D,1.0
7qnd_A,7qn8_A,1.0
7qnd_A,7qn8_B,1.0
7qnd_A,7qn8_C,1.0
7qnd_A,7qn8_D,1.0
7qnd_A,7qn9_B,0.987768
7qnd_A,7qn9_C,0.987768
7qnd_A,7qn9_D,0.987768
7qnd_A,7qnc_B,1.0
7qnd_A,7qnc_C,1.0
7qnd_A,7qnc_D,1.0
7qnd_B,6qfa_A,0.984709
7qnd_B,6qfa_B,0.984709
7qnd_B,6qfa_C,0.984709
7qnd_B,6qfa_D,0.984709
7qnd_B,6qfa_E,0.984709
7qnd_B,7a5v_A,0.987768
7qnd_B,7pbd_B,0.987768
7qnd_B,7pbd_C,0.987768
7qnd_B,7pbz_C,0.987768
7qnd_B,7pbz_D,0.987768
7qnd_B,7pc0_C,0.987768
7qnd_B,7pc0_D,0.987768
7qnd_B,7qn7_B,1.0
7qnd_B,7qn7_C,1.0
7qnd_B,7qn7_D,1.0
7qnd_B,7qn8_A,1.0
7qnd_B,7qn8_B,1.0
7qnd_B,7qn8_C,1.0
7qnd_B,7qn8_D,1.0
7qnd_B,7qn9_B,0.987768
7qnd_B,7qn9_C,0.987768
7qnd_B,7qn9_D,0.987768
7qnd_B,7qnc_B,1.0
7qnd_B,7qnc_C,1.0
7qnd_B,7qnc_D,1.0
7qnd_B,7qnd_A,1.0
7qnd_C,6qfa_A,0.984709
7qnd_C,6qfa_B,0.984709
7qnd_C,6qfa_C,0.984709
7qnd_C,6qfa_D,0.984709
7qnd_C,6qfa_E,0.984709
7qnd_C,7a5v_A,0.987768
7qnd_C,7pbd_B,0.987768
7qnd_C,7pbd_C,0.987768
7qnd_C,7pbz_C,0.987768
7qnd_C,7pbz_D,0.987768
7qnd_C,7pc0_C,0.987768
7qnd_C,7pc0_D,0.987768
7qnd_C,7qn7_B,1.0
7qnd_C,7qn7_C,1.0
7qnd_C,7qn7_D,1.0
7qnd_C,7qn8_A,1.0
7qnd_C,7qn8_B,1.0
7qnd_C,7qn8_C,1.0
7qnd_C,7qn8_D,1.0
7qnd_C,7qn9_B,0.987768
7qnd_C,7qn9_C,0.987768
7qnd_C,7qn9_D,0.987768
7qnd_C,7qnc_B,1.0
7qnd_C,7qnc_C,1.0
7qnd_C,7qnc_D,1.0
7qnd_C,7qnd_A,1.0
7qnd_C,7qnd_B,1.0
7qnd_D,6qfa_A,0.984709
7qnd_D,6qfa_B,0.984709
7qnd_D,6qfa_C,0.984709
7qnd_D,6qfa_D,0.984709
7qnd_D,6qfa_E,0.984709
7qnd_D,7a5v_A,0.987768
7qnd_D,7pbd_B,0.987768
7qnd_D,7pbd_C,0.987768
7qnd_D,7pbz_C,0.987768
7qnd_D,7pbz_D,0.987768
7qnd_D,7pc0_C,0.987768
7qnd_D,7pc0_D,0.987768
7qnd_D,7qn7_B,1.0
7qnd_D,7qn7_C,1.0
7qnd_D,7qn7_D,1.0
7qnd_D,7qn8_A,1.0
7qnd_D,7qn8_B,1.0
7qnd_D,7qn8_C,1.0
7qnd_D,7qn8_D,1.0
7qnd_D,7qn9_B,0.987768
7qnd_D,7qn9_C,0.987768
7qnd_D,7qn9_D,0.987768
7qnd_D,7qnc_B,1.0
7qnd_D,7qnc_C,1.0
7qnd_D,7qnc_D,1.0
7qnd_D,7qnd_A,1.0
7qnd_D,7qnd_B,1.0
7qnd_D,7qnd_C,1.0
8hn8_R,7yfc_R,0.915709
8jxt_R,7yfc_R,0.954023
8jxt_R,8hn8_R,0.933333
8pvb_A,6qfa_A,1.0
8pvb_A,6qfa_B,1.0
8pvb_A,6qfa_C,1.0
8pvb_A,6qfa_D,1.0
8pvb_A,6qfa_E,1.0
8pvb_A,7a5v_A,1.0
8pvb_A,7pbd_B,0.976048
8pvb_A,7pbd_C,0.987879
8pvb_A,7pbz_C,0.987879
8pvb_A,7pbz_D,0.987879
8pvb_A,7pc0_C,0.987879
8pvb_A,7pc0_D,0.987879
8pvb_A,7qn7_B,0.987768
8pvb_A,7qn7_C,0.987768
8pvb_A,7qn7_D,0.987768
8pvb_A,7qn8_A,0.987768
8pvb_A,7qn8_B,0.987768
8pvb_A,7qn8_C,0.987768
8pvb_A,7qn8_D,0.987768
8pvb_A,7qn9_B,0.97281
8pvb_A,7qn9_C,0.97281
8pvb_A,7qn9_D,0.97281
8pvb_A,7qnc_B,0.987768
8pvb_A,7qnc_C,0.987768
8pvb_A,7qnc_D,0.987768
8pvb_A,7qnd_A,0.987768
8pvb_A,7qnd_B,0.987768
8pvb_A,7qnd_C,0.987768
8pvb_A,7qnd_D,0.987768
8tgk_A,8jt5_A,0.744792
8ucn_A,8jt5_A,0.977961
8ucn_A,8tgk_A,0.754821
8yn2_R,7dfl_R,0.966912
8yn3_R,8pok_A,0.978417
8yn4_R,8pok_A,0.958955
8yn4_R,8yn3_R,0.988806
8yn9_R,7yfc_R,0.961686
8yn9_R,8hn8_R,0.923913
8yn9_R,8jxt_R,0.985185
8yuu_R,8yn5_R,0.986111
9feu_A,6qfa_A,0.996997
9feu_A,6qfa_B,0.996997
9feu_A,6qfa_C,0.996997
9feu_A,6qfa_D,0.996997
9feu_A,6qfa_E,0.996997
9feu_A,7a5v_A,0.997006
9feu_A,7pbd_B,0.976119
9feu_A,7pbd_C,0.990909
9feu_A,7pbz_C,0.990909
9feu_A,7pbz_D,0.990909
9feu_A,7pc0_C,0.990909
9feu_A,7pc0_D,0.990909
9feu_A,7qn7_B,0.990826
9feu_A,7qn7_C,0.990826
9feu_A,7qn7_D,0.990826
9feu_A,7qn8_A,0.990826
9feu_A,7qn8_B,0.990826
9feu_A,7qn8_C,0.990826
9feu_A,7qn8_D,0.990826
9feu_A,7qn9_B,0.975831
9feu_A,7qn9_C,0.975831
9feu_A,7qn9_D,0.975831
9feu_A,7qnc_B,0.990826
9feu_A,7qnc_C,0.990826
9feu_A,7qnc_D,0.990826
9feu_A,7qnd_A,0.990826
9feu_A,7qnd_B,0.990826
9feu_A,7qnd_C,0.990826
9feu_A,7qnd_D,0.990826
9feu_A,8pvb_A,0.997006
9feu_B,6qfa_A,0.996997
9feu_B,6qfa_B,0.996997
9feu_B,6qfa_C,0.996997
9feu_B,6qfa_D,0.996997
9feu_B,6qfa_E,0.996997
9feu_B,7a5v_A,0.997006
9feu_B,7pbd_B,0.976119
9feu_B,7pbd_C,0.990909
9feu_B,7pbz_C,0.990909
9feu_B,7pbz_D,0.990909
9feu_B,7pc0_C,0.990909
9feu_B,7pc0_D,0.990909
9feu_B,7qn7_B,0.990826
9feu_B,7qn7_C,0.990826
9feu_B,7qn7_D,0.990826
9feu_B,7qn8_A,0.990826
9feu_B,7qn8_B,0.990826
9feu_B,7qn8_C,0.990826
9feu_B,7qn8_D,0.990826
9feu_B,7qn9_B,0.975831
9feu_B,7qn9_C,0.975831
9feu_B,7qn9_D,0.975831
9feu_B,7qnc_B,0.990826
9feu_B,7qnc_C,0.990826
9feu_B,7qnc_D,0.990826
9feu_B,7qnd_A,0.990826
9feu_B,7qnd_B,0.990826
9feu_B,7qnd_C,0.990826
9feu_B,7qnd_D,0.990826
9feu_B,8pvb_A,0.997006
9feu_B,9feu_A,1.0
9feu_C,6qfa_A,0.996997
9feu_C,6qfa_B,0.996997
9feu_C,6qfa_C,0.996997
9feu_C,6qfa_D,0.996997
9feu_C,6qfa_E,0.996997
9feu_C,7a5v_A,0.997006
9feu_C,7pbd_B,0.976119
9feu_C,7pbd_C,0.990909
9feu_C,7pbz_C,0.990909
9feu_C,7pbz_D,0.990909
9feu_C,7pc0_C,0.990909
9feu_C,7pc0_D,0.990909
9feu_C,7qn7_B,0.990826
9feu_C,7qn7_C,0.990826
9feu_C,7qn7_D,0.990826
9feu_C,7qn8_A,0.990826
9feu_C,7qn8_B,0.990826
9feu_C,7qn8_C,0.990826
9feu_C,7qn8_D,0.990826
9feu_C,7qn9_B,0.975831
9feu_C,7qn9_C,0.975831
9feu_C,7qn9_D,0.975831
9feu_C,7qnc_B,0.990826
9feu_C,7qnc_C,0.990826
9feu_C,7qnc_D,0.990826
9feu_C,7qnd_A,0.990826
9feu_C,7qnd_B,0.990826
9feu_C,7qnd_C,0.990826
9feu_C,7qnd_D,0.990826
9feu_C,8pvb_A,0.997006
9feu_C,9feu_A,1.0
9feu_C,9feu_B,1.0
9feu_D,6qfa_A,0.996997
9feu_D,6qfa_B,0.996997
9feu_D,6qfa_C,0.996997
9feu_D,6qfa_D,0.996997
9feu_D,6qfa_E,0.996997
9feu_D,7a5v_A,0.997006
9feu_D,7pbd_B,0.976119
9feu_D,7pbd_C,0.990909
9feu_D,7pbz_C,0.990909
9feu_D,7pbz_D,0.990909
9feu_D,7pc0_C,0.990909
9feu_D,7pc0_D,0.990909
9feu_D,7qn7_B,0.990826
9feu_D,7qn7_C,0.990826
9feu_D,7qn7_D,0.990826
9feu_D,7qn8_A,0.990826
9feu_D,7qn8_B,0.990826
9feu_D,7qn8_C,0.990826
9feu_D,7qn8_D,0.990826
9feu_D,7qn9_B,0.975831
9feu_D,7qn9_C,0.975831
9feu_D,7qn9_D,0.975831
9feu_D,7qnc_B,0.990826
9feu_D,7qnc_C,0.990826
9feu_D,7qnc_D,0.990826
9feu_D,7qnd_A,0.990826
9feu_D,7qnd_B,0.990826
9feu_D,7qnd_C,0.990826
9feu_D,7qnd_D,0.990826
9feu_D,8pvb_A,0.997006
9feu_D,9feu_A,1.0
9feu_D,9feu_B,1.0
9feu_D,9feu_C,1.0
9feu_E,6qfa_A,0.996997
9feu_E,6qfa_B,0.996997
9feu_E,6qfa_C,0.996997
9feu_E,6qfa_D,0.996997
9feu_E,6qfa_E,0.996997
9feu_E,7a5v_A,0.997006
9feu_E,7pbd_B,0.976119
9feu_E,7pbd_C,0.990909
9feu_E,7pbz_C,0.990909
9feu_E,7pbz_D,0.990909
9feu_E,7pc0_C,0.990909
9feu_E,7pc0_D,0.990909
9feu_E,7qn7_B,0.990826
9feu_E,7qn7_C,0.990826
9feu_E,7qn7_D,0.990826
9feu_E,7qn8_A,0.990826
9feu_E,7qn8_B,0.990826
9feu_E,7qn8_C,0.990826
9feu_E,7qn8_D,0.990826
9feu_E,7qn9_B,0.975831
9feu_E,7qn9_C,0.975831
9feu_E,7qn9_D,0.975831
9feu_E,7qnc_B,0.990826
9feu_E,7qnc_C,0.990826
9feu_E,7qnc_D,0.990826
9feu_E,7qnd_A,0.990826
9feu_E,7qnd_B,0.990826
9feu_E,7qnd_C,0.990826
9feu_E,7qnd_D,0.990826
9feu_E,8pvb_A,0.997006
9feu_E,9feu_A,1.0
9feu_E,9feu_B,1.0
9feu_E,9feu_C,1.0
9feu_E,9feu_D,1.0
9fex_A,6qfa_A,0.996997
9fex_A,6qfa_B,0.996997
9fex_A,6qfa_C,0.996997
9fex_A,6qfa_D,0.996997
9fex_A,6qfa_E,0.996997
9fex_A,7a5v_A,0.997006
9fex_A,7pbd_B,0.979042
9fex_A,7pbd_C,0.990909
9fex_A,7pbz_C,0.990909
9fex_A,7pbz_D,0.990909
9fex_A,7pc0_C,0.990909
9fex_A,7pc0_D,0.990909
9fex_A,7qn7_B,0.990826
9fex_A,7qn7_C,0.990826
9fex_A,7qn7_D,0.990826
9fex_A,7qn8_A,0.990826
9fex_A,7qn8_B,0.990826
9fex_A,7qn8_C,0.990826
9fex_A,7qn8_D,0.990826
9fex_A,7qn9_B,0.975831
9fex_A,7qn9_C,0.975831
9fex_A,7qn9_D,0.975831
9fex_A,7qnc_B,0.990826
9fex_A,7qnc_C,0.990826
9fex_A,7qnc_D,0.990826
9fex_A,7qnd_A,0.990826
9fex_A,7qnd_B,0.990826
9fex_A,7qnd_C,0.990826
9fex_A,7qnd_D,0.990826
9fex_A,8pvb_A,0.997006
9fex_A,9feu_A,1.0
9fex_A,9feu_B,1.0
9fex_A,9feu_C,1.0
9fex_A,9feu_D,1.0
9fex_A,9feu_E,1.0
9fex_B,6qfa_A,0.996997
9fex_B,6qfa_B,0.996997
9fex_B,6qfa_C,0.996997
9fex_B,6qfa_D,0.996997
9fex_B,6qfa_E,0.996997
9fex_B,7a5v_A,0.997006
9fex_B,7pbd_B,0.979042
9fex_B,7pbd_C,0.990909
9fex_B,7pbz_C,0.990909
9fex_B,7pbz_D,0.990909
9fex_B,7pc0_C,0.990909
9fex_B,7pc0_D,0.990909
9fex_B,7qn7_B,0.990826
9fex_B,7qn7_C,0.990826
9fex_B,7qn7_D,0.990826
9fex_B,7qn8_A,0.990826
9fex_B,7qn8_B,0.990826
9fex_B,7qn8_C,0.990826
9fex_B,7qn8_D,0.990826
9fex_B,7qn9_B,0.975831
9fex_B,7qn9_C,0.975831
9fex_B,7qn9_D,0.975831
9fex_B,7qnc_B,0.990826
9fex_B,7qnc_C,0.990826
9fex_B,7qnc_D,0.990826
9fex_B,7qnd_A,0.990826
9fex_B,7qnd_B,0.990826
9fex_B,7qnd_C,0.990826
9fex_B,7qnd_D,0.990826
9fex_B,8pvb_A,0.997006
9fex_B,9feu_A,1.0
9fex_B,9feu_B,1.0
9fex_B,9feu_C,1.0
9fex_B,9feu_D,1.0
9fex_B,9feu_E,1.0
9fex_B,9fex_A,1.0
9fex_C,6qfa_A,0.996997
9fex_C,6qfa_B,0.996997
9fex_C,6qfa_C,0.996997
9fex_C,6qfa_D,0.996997
9fex_C,6qfa_E,0.996997
9fex_C,7a5v_A,0.997006
9fex_C,7pbd_B,0.979042
9fex_C,7pbd_C,0.990909
9fex_C,7pbz_C,0.990909
9fex_C,7pbz_D,0.990909
9fex_C,7pc0_C,0.990909
9fex_C,7pc0_D,0.990909
9fex_C,7qn7_B,0.990826
9fex_C,7qn7_C,0.990826
9fex_C,7qn7_D,0.990826
9fex_C,7qn8_A,0.990826
9fex_C,7qn8_B,0.990826
9fex_C,7qn8_C,0.990826
9fex_C,7qn8_D,0.990826
9fex_C,7qn9_B,0.975831
9fex_C,7qn9_C,0.975831
9fex_C,7qn9_D,0.975831
9fex_C,7qnc_B,0.990826
9fex_C,7qnc_C,0.990826
9fex_C,7qnc_D,0.990826
9fex_C,7qnd_A,0.990826
9fex_C,7qnd_B,0.990826
9fex_C,7qnd_C,0.990826
9fex_C,7qnd_D,0.990826
9fex_C,8pvb_A,0.997006
9fex_C,9feu_A,1.0
9fex_C,9feu_B,1.0
9fex_C,9feu_C,1.0
9fex_C,9feu_D,1.0
9fex_C,9feu_E,1.0
9fex_C,9fex_A,1.0
9fex_C,9fex_B,1.0
9fex_D,6qfa_A,0.996997
9fex_D,6qfa_B,0.996997
9fex_D,6qfa_C,0.996997
9fex_D,6qfa_D,0.996997
9fex_D,6qfa_E,0.996997
9fex_D,7a5v_A,0.997006
9fex_D,7pbd_B,0.979042
9fex_D,7pbd_C,0.990909
9fex_D,7pbz_C,0.990909
9fex_D,7pbz_D,0.990909
9fex_D,7pc0_C,0.990909
9fex_D,7pc0_D,0.990909
9fex_D,7qn7_B,0.990826
9fex_D,7qn7_C,0.990826
9fex_D,7qn7_D,0.990826
9fex_D,7qn8_A,0.990826
9fex_D,7qn8_B,0.990826
9fex_D,7qn8_C,0.990826
9fex_D,7qn8_D,0.990826
9fex_D,7qn9_B,0.975831
9fex_D,7qn9_C,0.975831
9fex_D,7qn9_D,0.975831
9fex_D,7qnc_B,0.990826
9fex_D,7qnc_C,0.990826
9fex_D,7qnc_D,0.990826
9fex_D,7qnd_A,0.990826
9fex_D,7qnd_B,0.990826
9fex_D,7qnd_C,0.990826
9fex_D,7qnd_D,0.990826
9fex_D,8pvb_A,0.997006
9fex_D,9feu_A,1.0
9fex_D,9feu_B,1.0
9fex_D,9feu_C,1.0
9fex_D,9feu_D,1.0
9fex_D,9feu_E,1.0
9fex_D,9fex_A,1.0
9fex_D,9fex_B,1.0
9fex_D,9fex_C,1.0
9fex_E,6qfa_A,0.996997
9fex_E,6qfa_B,0.996997
9fex_E,6qfa_C,0.996997
9fex_E,6qfa_D,0.996997
9fex_E,6qfa_E,0.996997
9fex_E,7a5v_A,0.997006
9fex_E,7pbd_B,0.979042
9fex_E,7pbd_C,0.990909
9fex_E,7pbz_C,0.990909
9fex_E,7pbz_D,0.990909
9fex_E,7pc0_C,0.990909
9fex_E,7pc0_D,0.990909
9fex_E,7qn7_B,0.990826
9fex_E,7qn7_C,0.990826
9fex_E,7qn7_D,0.990826
9fex_E,7qn8_A,0.990826
9fex_E,7qn8_B,0.990826
9fex_E,7qn8_C,0.990826
9fex_E,7qn8_D,0.990826
9fex_E,7qn9_B,0.975831
9fex_E,7qn9_C,0.975831
9fex_E,7qn9_D,0.975831
9fex_E,7qnc_B,0.990826
9fex_E,7qnc_C,0.990826
9fex_E,7qnc_D,0.990826
9fex_E,7qnd_A,0.990826
9fex_E,7qnd_B,0.990826
9fex_E,7qnd_C,0.990826
9fex_E,7qnd_D,0.990826
9fex_E,8pvb_A,0.997006
9fex_E,9feu_A,1.0
9fex_E,9feu_B,1.0
9fex_E,9feu_C,1.0
9fex_E,9feu_D,1.0
9fex_E,9feu_E,1.0
9fex_E,9fex_A,1.0
9fex_E,9fex_B,1.0
9fex_E,9fex_C,1.0
9fex_E,9fex_D,1.0
9fey_A,6qfa_A,0.996997
9fey_A,6qfa_B,0.996997
9fey_A,6qfa_C,0.996997
9fey_A,6qfa_D,0.996997
9fey_A,6qfa_E,0.996997
9fey_A,7a5v_A,0.997006
9fey_A,7pbd_B,0.979042
9fey_A,7pbd_C,0.990909
9fey_A,7pbz_C,0.990909
9fey_A,7pbz_D,0.990909
9fey_A,7pc0_C,0.990909
9fey_A,7pc0_D,0.990909
9fey_A,7qn7_B,0.990826
9fey_A,7qn7_C,0.990826
9fey_A,7qn7_D,0.990826
9fey_A,7qn8_A,0.990826
9fey_A,7qn8_B,0.990826
9fey_A,7qn8_C,0.990826
9fey_A,7qn8_D,0.990826
9fey_A,7qn9_B,0.975831
9fey_A,7qn9_C,0.975831
9fey_A,7qn9_D,0.975831
9fey_A,7qnc_B,0.990826
9fey_A,7qnc_C,0.990826
9fey_A,7qnc_D,0.990826
9fey_A,7qnd_A,0.990826
9fey_A,7qnd_B,0.990826
9fey_A,7qnd_C,0.990826
9fey_A,7qnd_D,0.990826
9fey_A,8pvb_A,0.997006
9fey_A,9feu_A,1.0
9fey_A,9feu_B,1.0
9fey_A,9feu_C,1.0
9fey_A,9feu_D,1.0
9fey_A,9feu_E,1.0
9fey_A,9fex_A,1.0
9fey_A,9fex_B,1.0
9fey_A,9fex_C,1.0
9fey_A,9fex_D,1.0
9fey_A,9fex_E,1.0
9fey_B,6qfa_A,0.996997
9fey_B,6qfa_B,0.996997
9fey_B,6qfa_C,0.996997
9fey_B,6qfa_D,0.996997
9fey_B,6qfa_E,0.996997
9fey_B,7a5v_A,0.997006
9fey_B,7pbd_B,0.979042
9fey_B,7pbd_C,0.990909
9fey_B,7pbz_C,0.990909
9fey_B,7pbz_D,0.990909
9fey_B,7pc0_C,0.990909
9fey_B,7pc0_D,0.990909
9fey_B,7qn7_B,0.990826
9fey_B,7qn7_C,0.990826
9fey_B,7qn7_D,0.990826
9fey_B,7qn8_A,0.990826
9fey_B,7qn8_B,0.990826
9fey_B,7qn8_C,0.990826
9fey_B,7qn8_D,0.990826
9fey_B,7qn9_B,0.975831
9fey_B,7qn9_C,0.975831
9fey_B,7qn9_D,0.975831
9fey_B,7qnc_B,0.990826
9fey_B,7qnc_C,0.990826
9fey_B,7qnc_D,0.990826
9fey_B,7qnd_A,0.990826
9fey_B,7qnd_B,0.990826
9fey_B,7qnd_C,0.990826
9fey_B,7qnd_D,0.990826
9fey_B,8pvb_A,0.997006
9fey_B,9feu_A,1.0
9fey_B,9feu_B,1.0
9fey_B,9feu_C,1.0
9fey_B,9feu_D,1.0
9fey_B,9feu_E,1.0
9fey_B,9fex_A,1.0
9fey_B,9fex_B,1.0
9fey_B,9fex_C,1.0
9fey_B,9fex_D,1.0
9fey_B,9fex_E,1.0
9fey_B,9fey_A,1.0
9fey_C,6qfa_A,0.996997
9fey_C,6qfa_B,0.996997
9fey_C,6qfa_C,0.996997
9fey_C,6qfa_D,0.996997
9fey_C,6qfa_E,0.996997
9fey_C,7a5v_A,0.997006
9fey_C,7pbd_B,0.979042
9fey_C,7pbd_C,0.990909
9fey_C,7pbz_C,0.990909
9fey_C,7pbz_D,0.990909
9fey_C,7pc0_C,0.990909
9fey_C,7pc0_D,0.990909
9fey_C,7qn7_B,0.990826
9fey_C,7qn7_C,0.990826
9fey_C,7qn7_D,0.990826
9fey_C,7qn8_A,0.990826
9fey_C,7qn8_B,0.990826
9fey_C,7qn8_C,0.990826
9fey_C,7qn8_D,0.990826
9fey_C,7qn9_B,0.975831
9fey_C,7qn9_C,0.975831
9fey_C,7qn9_D,0.975831
9fey_C,7qnc_B,0.990826
9fey_C,7qnc_C,0.990826
9fey_C,7qnc_D,0.990826
9fey_C,7qnd_A,0.990826
9fey_C,7qnd_B,0.990826
9fey_C,7qnd_C,0.990826
9fey_C,7qnd_D,0.990826
9fey_C,8pvb_A,0.997006
9fey_C,9feu_A,1.0
9fey_C,9feu_B,1.0
9fey_C,9feu_C,1.0
9fey_C,9feu_D,1.0
9fey_C,9feu_E,1.0
9fey_C,9fex_A,1.0
9fey_C,9fex_B,1.0
9fey_C,9fex_C,1.0
9fey_C,9fex_D,1.0
9fey_C,9fex_E,1.0
9fey_C,9fey_A,1.0
9fey_C,9fey_B,1.0
9fey_D,6qfa_A,0.996997
9fey_D,6qfa_B,0.996997
9fey_D,6qfa_C,0.996997
9fey_D,6qfa_D,0.996997
9fey_D,6qfa_E,0.996997
9fey_D,7a5v_A,0.997006
9fey_D,7pbd_B,0.979042
9fey_D,7pbd_C,0.990909
9fey_D,7pbz_C,0.990909
9fey_D,7pbz_D,0.990909
9fey_D,7pc0_C,0.990909
9fey_D,7pc0_D,0.990909
9fey_D,7qn7_B,0.990826
9fey_D,7qn7_C,0.990826
9fey_D,7qn7_D,0.990826
9fey_D,7qn8_A,0.990826
9fey_D,7qn8_B,0.990826
9fey_D,7qn8_C,0.990826
9fey_D,7qn8_D,0.990826
9fey_D,7qn9_B,0.975831
9fey_D,7qn9_C,0.975831
9fey_D,7qn9_D,0.975831
9fey_D,7qnc_B,0.990826
9fey_D,7qnc_C,0.990826
9fey_D,7qnc_D,0.990826
9fey_D,7qnd_A,0.990826
9fey_D,7qnd_B,0.990826
9fey_D,7qnd_C,0.990826
9fey_D,7qnd_D,0.990826
9fey_D,8pvb_A,0.997006
9fey_D,9feu_A,1.0
9fey_D,9feu_B,1.0
9fey_D,9feu_C,1.0
9fey_D,9feu_D,1.0
9fey_D,9feu_E,1.0
9fey_D,9fex_A,1.0
9fey_D,9fex_B,1.0
9fey_D,9fex_C,1.0
9fey_D,9fex_D,1.0
9fey_D,9fex_E,1.0
9fey_D,9fey_A,1.0
9fey_D,9fey_B,1.0
9fey_D,9fey_C,1.0
9fey_E,6qfa_A,0.996997
9fey_E,6qfa_B,0.996997
9fey_E,6qfa_C,0.996997
9fey_E,6qfa_D,0.996997
9fey_E,6qfa_E,0.996997
9fey_E,7a5v_A,0.997006
9fey_E,7pbd_B,0.979042
9fey_E,7pbd_C,0.990909
9fey_E,7pbz_C,0.990909
9fey_E,7pbz_D,0.990909
9fey_E,7pc0_C,0.990909
9fey_E,7pc0_D,0.990909
9fey_E,7qn7_B,0.990826
9fey_E,7qn7_C,0.990826
9fey_E,7qn7_D,0.990826
9fey_E,7qn8_A,0.990826
9fey_E,7qn8_B,0.990826
9fey_E,7qn8_C,0.990826
9fey_E,7qn8_D,0.990826
9fey_E,7qn9_B,0.975831
9fey_E,7qn9_C,0.975831
9fey_E,7qn9_D,0.975831
9fey_E,7qnc_B,0.990826
9fey_E,7qnc_C,0.990826
9fey_E,7qnc_D,0.990826
9fey_E,7qnd_A,0.990826
9fey_E,7qnd_B,0.990826
9fey_E,7qnd_C,0.990826
9fey_E,7qnd_D,0.990826
9fey_E,8pvb_A,0.997006
9fey_E,9feu_A,1.0
9fey_E,9feu_B,1.0
9fey_E,9feu_C,1.0
9fey_E,9feu_D,1.0
9fey_E,9feu_E,1.0
9fey_E,9fex_A,1.0
9fey_E,9fex_B,1.0
9fey_E,9fex_C,1.0
9fey_E,9fex_D,1.0
9fey_E,9fex_E,1.0
9fey_E,9fey_A,1.0
9fey_E,9fey_B,1.0
9fey_E,9fey_C,1.0
9fey_E,9fey_D,1.0
9fez_A,6qfa_A,0.987988
9fez_A,6qfa_B,0.987988
9fez_A,6qfa_C,0.987988
9fez_A,6qfa_D,0.987988
9fez_A,6qfa_E,0.987988
9fez_A,7a5v_A,0.98503
9fez_A,7pbd_B,0.97006
9fez_A,7pbd_C,0.981818
9fez_A,7pbz_C,0.981818
9fez_A,7pbz_D,0.981818
9fez_A,7pc0_C,0.981818
9fez_A,7pc0_D,0.981818
9fez_A,7qn7_B,0.978593
9fez_A,7qn7_C,0.978593
9fez_A,7qn7_D,0.978593
9fez_A,7qn8_A,0.978593
9fez_A,7qn8_B,0.978593
9fez_A,7qn8_C,0.978593
9fez_A,7qn8_D,0.978593
9fez_A,7qn9_B,0.966767
9fez_A,7qn9_C,0.966767
9fez_A,7qn9_D,0.966767
9fez_A,7qnc_B,0.978593
9fez_A,7qnc_C,0.978593
9fez_A,7qnc_D,0.978593
9fez_A,7qnd_A,0.978593
9fez_A,7qnd_B,0.978593
9fez_A,7qnd_C,0.978593
9fez_A,7qnd_D,0.978593
9fez_A,8pvb_A,0.98503
9fez_A,9feu_A,0.988024
9fez_A,9feu_B,0.988024
9fez_A,9feu_C,0.988024
9fez_A,9feu_D,0.988024
9fez_A,9feu_E,0.988024
9fez_A,9fex_A,0.988024
9fez_A,9fex_B,0.988024
9fez_A,9fex_C,0.988024
9fez_A,9fex_D,0.988024
9fez_A,9fex_E,0.988024
9fez_A,9fey_A,0.988024
9fez_A,9fey_B,0.988024
9fez_A,9fey_C,0.988024
9fez_A,9fey_D,0.988024
9fez_A,9fey_E,0.988024
9fez_B,6qfa_A,0.987988
9fez_B,6qfa_B,0.987988
9fez_B,6qfa_C,0.987988
9fez_B,6qfa_D,0.987988
9fez_B,6qfa_E,0.987988
9fez_B,7a5v_A,0.98503
9fez_B,7pbd_B,0.97006
9fez_B,7pbd_C,0.981818
9fez_B,7pbz_C,0.981818
9fez_B,7pbz_D,0.981818
9fez_B,7pc0_C,0.981818
9fez_B,7pc0_D,0.981818
9fez_B,7qn7_B,0.978593
9fez_B,7qn7_C,0.978593
9fez_B,7qn7_D,0.978593
9fez_B,7qn8_A,0.978593
9fez_B,7qn8_B,0.978593
9fez_B,7qn8_C,0.978593
9fez_B,7qn8_D,0.978593
9fez_B,7qn9_B,0.966767
9fez_B,7qn9_C,0.966767
9fez_B,7qn9_D,0.966767
9fez_B,7qnc_B,0.978593
9fez_B,7qnc_C,0.978593
9fez_B,7qnc_D,0.978593
9fez_B,7qnd_A,0.978593
9fez_B,7qnd_B,0.978593
9fez_B,7qnd_C,0.978593
9fez_B,7qnd_D,0.978593
9fez_B,8pvb_A,0.98503
9fez_B,9feu_A,0.988024
9fez_B,9feu_B,0.988024
9fez_B,9feu_C,0.988024
9fez_B,9feu_D,0.988024
9fez_B,9feu_E,0.988024
9fez_B,9fex_A,0.988024
9fez_B,9fex_B,0.988024
9fez_B,9fex_C,0.988024
9fez_B,9fex_D,0.988024
9fez_B,9fex_E,0.988024
9fez_B,9fey_A,0.988024
9fez_B,9fey_B,0.988024
9fez_B,9fey_C,0.988024
9fez_B,9fey_D,0.988024
9fez_B,9fey_E,0.988024
9fez_B,9fez_A,1.0
9fez_C,6qfa_A,0.987988
9fez_C,6qfa_B,0.987988
9fez_C,6qfa_C,0.987988
9fez_C,6qfa_D,0.987988
9fez_C,6qfa_E,0.987988
9fez_C,7a5v_A,0.98503
9fez_C,7pbd_B,0.97006
9fez_C,7pbd_C,0.981818
9fez_C,7pbz_C,0.981818
9fez_C,7pbz_D,0.981818
9fez_C,7pc0_C,0.981818
9fez_C,7pc0_D,0.981818
9fez_C,7qn7_B,0.978593
9fez_C,7qn7_C,0.978593
9fez_C,7qn7_D,0.978593
9fez_C,7qn8_A,0.978593
9fez_C,7qn8_B,0.978593
9fez_C,7qn8_C,0.978593
9fez_C,7qn8_D,0.978593
9fez_C,7qn9_B,0.966767
9fez_C,7qn9_C,0.966767
9fez_C,7qn9_D,0.966767
9fez_C,7qnc_B,0.978593
9fez_C,7qnc_C,0.978593
9fez_C,7qnc_D,0.978593
9fez_C,7qnd_A,0.978593
9fez_C,7qnd_B,0.978593
9fez_C,7qnd_C,0.978593
9fez_C,7qnd_D,0.978593
9fez_C,8pvb_A,0.98503
9fez_C,9feu_A,0.988024
9fez_C,9feu_B,0.988024
9fez_C,9feu_C,0.988024
9fez_C,9feu_D,0.988024
9fez_C,9feu_E,0.988024
9fez_C,9fex_A,0.988024
9fez_C,9fex_B,0.988024
9fez_C,9fex_C,0.988024
9fez_C,9fex_D,0.988024
9fez_C,9fex_E,0.988024
9fez_C,9fey_A,0.988024
9fez_C,9fey_B,0.988024
9fez_C,9fey_C,0.988024
9fez_C,9fey_D,0.988024
9fez_C,9fey_E,0.988024
9fez_C,9fez_A,1.0
9fez_C,9fez_B,1.0
9fez_D,6qfa_A,0.987988
9fez_D,6qfa_B,0.987988
9fez_D,6qfa_C,0.987988
9fez_D,6qfa_D,0.987988
9fez_D,6qfa_E,0.987988
9fez_D,7a5v_A,0.98503
9fez_D,7pbd_B,0.97006
9fez_D,7pbd_C,0.981818
9fez_D,7pbz_C,0.981818
9fez_D,7pbz_D,0.981818
9fez_D,7pc0_C,0.981818
9fez_D,7pc0_D,0.981818
9fez_D,7qn7_B,0.978593
9fez_D,7qn7_C,0.978593
9fez_D,7qn7_D,0.978593
9fez_D,7qn8_A,0.978593
9fez_D,7qn8_B,0.978593
9fez_D,7qn8_C,0.978593
9fez_D,7qn8_D,0.978593
9fez_D,7qn9_B,0.966767
9fez_D,7qn9_C,0.966767
9fez_D,7qn9_D,0.966767
9fez_D,7qnc_B,0.978593
9fez_D,7qnc_C,0.978593
9fez_D,7qnc_D,0.978593
9fez_D,7qnd_A,0.978593
9fez_D,7qnd_B,0.978593
9fez_D,7qnd_C,0.978593
9fez_D,7qnd_D,0.978593
9fez_D,8pvb_A,0.98503
9fez_D,9feu_A,0.988024
9fez_D,9feu_B,0.988024
9fez_D,9feu_C,0.988024
9fez_D,9feu_D,0.988024
9fez_D,9feu_E,0.988024
9fez_D,9fex_A,0.988024
9fez_D,9fex_B,0.988024
9fez_D,9fex_C,0.988024
9fez_D,9fex_D,0.988024
9fez_D,9fex_E,0.988024
9fez_D,9fey_A,0.988024
9fez_D,9fey_B,0.988024
9fez_D,9fey_C,0.988024
9fez_D,9fey_D,0.988024
9fez_D,9fey_E,0.988024
9fez_D,9fez_A,1.0
9fez_D,9fez_B,1.0
9fez_D,9fez_C,1.0
9fez_E,6qfa_A,0.987988
9fez_E,6qfa_B,0.987988
9fez_E,6qfa_C,0.987988
9fez_E,6qfa_D,0.987988
9fez_E,6qfa_E,0.987988
9fez_E,7a5v_A,0.98503
9fez_E,7pbd_B,0.97006
9fez_E,7pbd_C,0.981818
9fez_E,7pbz_C,0.981818
9fez_E,7pbz_D,0.981818
9fez_E,7pc0_C,0.981818
9fez_E,7pc0_D,0.981818
9fez_E,7qn7_B,0.978593
9fez_E,7qn7_C,0.978593
9fez_E,7qn7_D,0.978593
9fez_E,7qn8_A,0.978593
9fez_E,7qn8_B,0.978593
9fez_E,7qn8_C,0.978593
9fez_E,7qn8_D,0.978593
9fez_E,7qn9_B,0.966767
9fez_E,7qn9_C,0.966767
9fez_E,7qn9_D,0.966767
9fez_E,7qnc_B,0.978593
9fez_E,7qnc_C,0.978593
9fez_E,7qnc_D,0.978593
9fez_E,7qnd_A,0.978593
9fez_E,7qnd_B,0.978593
9fez_E,7qnd_C,0.978593
9fez_E,7qnd_D,0.978593
9fez_E,8pvb_A,0.98503
9fez_E,9feu_A,0.988024
9fez_E,9feu_B,0.988024
9fez_E,9feu_C,0.988024
9fez_E,9feu_D,0.988024
9fez_E,9feu_E,0.988024
9fez_E,9fex_A,0.988024
9fez_E,9fex_B,0.988024
9fez_E,9fex_C,0.988024
9fez_E,9fex_D,0.988024
9fez_E,9fex_E,0.988024
9fez_E,9fey_A,0.988024
9fez_E,9fey_B,0.988024
9fez_E,9fey_C,0.988024
9fez_E,9fey_D,0.988024
9fez_E,9fey_E,0.988024
9fez_E,9fez_A,1.0
9fez_E,9fez_B,1.0
9fez_E,9fez_C,1.0
9fez_E,9fez_D,1.0
9ff0_A,6qfa_A,0.996997
9ff0_A,6qfa_B,0.996997
9ff0_A,6qfa_C,0.996997
9ff0_A,6qfa_D,0.996997
9ff0_A,6qfa_E,0.996997
9ff0_A,7a5v_A,0.997006
9ff0_A,7pbd_B,0.976119
9ff0_A,7pbd_C,0.990909
9ff0_A,7pbz_C,0.990909
9ff0_A,7pbz_D,0.990909
9ff0_A,7pc0_C,0.990909
9ff0_A,7pc0_D,0.990909
9ff0_A,7qn7_B,0.990826
9ff0_A,7qn7_C,0.990826
9ff0_A,7qn7_D,0.990826
9ff0_A,7qn8_A,0.990826
9ff0_A,7qn8_B,0.990826
9ff0_A,7qn8_C,0.990826
9ff0_A,7qn8_D,0.990826
9ff0_A,7qn9_B,0.975831
9ff0_A,7qn9_C,0.975831
9ff0_A,7qn9_D,0.975831
9ff0_A,7qnc_B,0.990826
9ff0_A,7qnc_C,0.990826
9ff0_A,7qnc_D,0.990826
9ff0_A,7qnd_A,0.990826
9ff0_A,7qnd_B,0.990826
9ff0_A,7qnd_C,0.990826
9ff0_A,7qnd_D,0.990826
9ff0_A,8pvb_A,0.997006
9ff0_A,9feu_A,1.0
9ff0_A,9feu_B,1.0
9ff0_A,9feu_C,1.0
9ff0_A,9feu_D,1.0
9ff0_A,9feu_E,1.0
9ff0_A,9fex_A,1.0
9ff0_A,9fex_B,1.0
9ff0_A,9fex_C,1.0
9ff0_A,9fex_D,1.0
9ff0_A,9fex_E,1.0
9ff0_A,9fey_A,1.0
9ff0_A,9fey_B,1.0
9ff0_A,9fey_C,1.0
9ff0_A,9fey_D,1.0
9ff0_A,9fey_E,1.0
9ff0_A,9fez_A,0.988024
9ff0_A,9fez_B,0.988024
9ff0_A,9fez_C,0.988024
9ff0_A,9fez_D,0.988024
9ff0_A,9fez_E,0.988024
9ff0_B,6qfa_A,0.996997
9ff0_B,6qfa_B,0.996997
9ff0_B,6qfa_C,0.996997
9ff0_B,6qfa_D,0.996997
9ff0_B,6qfa_E,0.996997
9ff0_B,7a5v_A,0.997006
9ff0_B,7pbd_B,0.976119
9ff0_B,7pbd_C,0.990909
9ff0_B,7pbz_C,0.990909
9ff0_B,7pbz_D,0.990909
9ff0_B,7pc0_C,0.990909
9ff0_B,7pc0_D,0.990909
9ff0_B,7qn7_B,0.990826
9ff0_B,7qn7_C,0.990826
9ff0_B,7qn7_D,0.990826
9ff0_B,7qn8_A,0.990826
9ff0_B,7qn8_B,0.990826
9ff0_B,7qn8_C,0.990826
9ff0_B,7qn8_D,0.990826
9ff0_B,7qn9_B,0.975831
9ff0_B,7qn9_C,0.975831
9ff0_B,7qn9_D,0.975831
9ff0_B,7qnc_B,0.990826
9ff0_B,7qnc_C,0.990826
9ff0_B,7qnc_D,0.990826
9ff0_B,7qnd_A,0.990826
9ff0_B,7qnd_B,0.990826
9ff0_B,7qnd_C,0.990826
9ff0_B,7qnd_D,0.990826
9ff0_B,8pvb_A,0.997006
9ff0_B,9feu_A,1.0
9ff0_B,9feu_B,1.0
9ff0_B,9feu_C,1.0
9ff0_B,9feu_D,1.0
9ff0_B,9feu_E,1.0
9ff0_B,9fex_A,1.0
9ff0_B,9fex_B,1.0
9ff0_B,9fex_C,1.0
9ff0_B,9fex_D,1.0
9ff0_B,9fex_E,1.0
9ff0_B,9fey_A,1.0
9ff0_B,9fey_B,1.0
9ff0_B,9fey_C,1.0
9ff0_B,9fey_D,1.0
9ff0_B,9fey_E,1.0
9ff0_B,9fez_A,0.988024
9ff0_B,9fez_B,0.988024
9ff0_B,9fez_C,0.988024
9ff0_B,9fez_D,0.988024
9ff0_B,9fez_E,0.988024
9ff0_B,9ff0_A,1.0
9ff0_C,6qfa_A,0.996997
9ff0_C,6qfa_B,0.996997
9ff0_C,6qfa_C,0.996997
9ff0_C,6qfa_D,0.996997
9ff0_C,6qfa_E,0.996997
9ff0_C,7a5v_A,0.997006
9ff0_C,7pbd_B,0.976119
9ff0_C,7pbd_C,0.990909
9ff0_C,7pbz_C,0.990909
9ff0_C,7pbz_D,0.990909
9ff0_C,7pc0_C,0.990909
9ff0_C,7pc0_D,0.990909
9ff0_C,7qn7_B,0.990826
9ff0_C,7qn7_C,0.990826
9ff0_C,7qn7_D,0.990826
9ff0_C,7qn8_A,0.990826
9ff0_C,7qn8_B,0.990826
9ff0_C,7qn8_C,0.990826
9ff0_C,7qn8_D,0.990826
9ff0_C,7qn9_B,0.975831
9ff0_C,7qn9_C,0.975831
9ff0_C,7qn9_D,0.975831
9ff0_C,7qnc_B,0.990826
9ff0_C,7qnc_C,0.990826
9ff0_C,7qnc_D,0.990826
9ff0_C,7qnd_A,0.990826
9ff0_C,7qnd_B,0.990826
9ff0_C,7qnd_C,0.990826
9ff0_C,7qnd_D,0.990826
9ff0_C,8pvb_A,0.997006
9ff0_C,9feu_A,1.0
9ff0_C,9feu_B,1.0
9ff0_C,9feu_C,1.0
9ff0_C,9feu_D,1.0
9ff0_C,9feu_E,1.0
9ff0_C,9fex_A,1.0
9ff0_C,9fex_B,1.0
9ff0_C,9fex_C,1.0
9ff0_C,9fex_D,1.0
9ff0_C,9fex_E,1.0
9ff0_C,9fey_A,1.0
9ff0_C,9fey_B,1.0
9ff0_C,9fey_C,1.0
9ff0_C,9fey_D,1.0
9ff0_C,9fey_E,1.0
9ff0_C,9fez_A,0.988024
9ff0_C,9fez_B,0.988024
9ff0_C,9fez_C,0.988024
9ff0_C,9fez_D,0.988024
9ff0_C,9fez_E,0.988024
9ff0_C,9ff0_A,1.0
9ff0_C,9ff0_B,1.0
9ff0_D,6qfa_A,0.996997
9ff0_D,6qfa_B,0.996997
9ff0_D,6qfa_C,0.996997
9ff0_D,6qfa_D,0.996997
9ff0_D,6qfa_E,0.996997
9ff0_D,7a5v_A,0.997006
9ff0_D,7pbd_B,0.976119
9ff0_D,7pbd_C,0.990909
9ff0_D,7pbz_C,0.990909
9ff0_D,7pbz_D,0.990909
9ff0_D,7pc0_C,0.990909
9ff0_D,7pc0_D,0.990909
9ff0_D,7qn7_B,0.990826
9ff0_D,7qn7_C,0.990826
9ff0_D,7qn7_D,0.990826
9ff0_D,7qn8_A,0.990826
9ff0_D,7qn8_B,0.990826
9ff0_D,7qn8_C,0.990826
9ff0_D,7qn8_D,0.990826
9ff0_D,7qn9_B,0.975831
9ff0_D,7qn9_C,0.975831
9ff0_D,7qn9_D,0.975831
9ff0_D,7qnc_B,0.990826
9ff0_D,7qnc_C,0.990826
9ff0_D,7qnc_D,0.990826
9ff0_D,7qnd_A,0.990826
9ff0_D,7qnd_B,0.990826
9ff0_D,7qnd_C,0.990826
9ff0_D,7qnd_D,0.990826
9ff0_D,8pvb_A,0.997006
9ff0_D,9feu_A,1.0
9ff0_D,9feu_B,1.0
9ff0_D,9feu_C,1.0
9ff0_D,9feu_D,1.0
9ff0_D,9feu_E,1.0
9ff0_D,9fex_A,1.0
9ff0_D,9fex_B,1.0
9ff0_D,9fex_C,1.0
9ff0_D,9fex_D,1.0
9ff0_D,9fex_E,1.0
9ff0_D,9fey_A,1.0
9ff0_D,9fey_B,1.0
9ff0_D,9fey_C,1.0
9ff0_D,9fey_D,1.0
9ff0_D,9fey_E,1.0
9ff0_D,9fez_A,0.988024
9ff0_D,9fez_B,0.988024
9ff0_D,9fez_C,0.988024
9ff0_D,9fez_D,0.988024
9ff0_D,9fez_E,0.988024
9ff0_D,9ff0_A,1.0
9ff0_D,9ff0_B,1.0
9ff0_D,9ff0_C,1.0
9ff0_E,6qfa_A,0.996997
9ff0_E,6qfa_B,0.996997
9ff0_E,6qfa_C,0.996997
9ff0_E,6qfa_D,0.996997
9ff0_E,6qfa_E,0.996997
9ff0_E,7a5v_A,0.997006
9ff0_E,7pbd_B,0.976119
9ff0_E,7pbd_C,0.990909
9ff0_E,7pbz_C,0.990909
9ff0_E,7pbz_D,0.990909
9ff0_E,7pc0_C,0.990909
9ff0_E,7pc0_D,0.990909
9ff0_E,7qn7_B,0.990826
9ff0_E,7qn7_C,0.990826
9ff0_E,7qn7_D,0.990826
9ff0_E,7qn8_A,0.990826
9ff0_E,7qn8_B,0.990826
9ff0_E,7qn8_C,0.990826
9ff0_E,7qn8_D,0.990826
9ff0_E,7qn9_B,0.975831
9ff0_E,7qn9_C,0.975831
9ff0_E,7qn9_D,0.975831
9ff0_E,7qnc_B,0.990826
9ff0_E,7qnc_C,0.990826
9ff0_E,7qnc_D,0.990826
9ff0_E,7qnd_A,0.990826
9ff0_E,7qnd_B,0.990826
9ff0_E,7qnd_C,0.990826
9ff0_E,7qnd_D,0.990826
9ff0_E,8pvb_A,0.997006
9ff0_E,9feu_A,1.0
9ff0_E,9feu_B,1.0
9ff0_E,9feu_C,1.0
9ff0_E,9feu_D,1.0
9ff0_E,9feu_E,1.0
9ff0_E,9fex_A,1.0
9ff0_E,9fex_B,1.0
9ff0_E,9fex_C,1.0
9ff0_E,9fex_D,1.0
9ff0_E,9fex_E,1.0
9ff0_E,9fey_A,1.0
9ff0_E,9fey_B,1.0
9ff0_E,9fey_C,1.0
9ff0_E,9fey_D,1.0
9ff0_E,9fey_E,1.0
9ff0_E,9fez_A,0.988024
9ff0_E,9fez_B,0.988024
9ff0_E,9fez_C,0.988024
9ff0_E,9fez_D,0.988024
9ff0_E,9fez_E,0.988024
9ff0_E,9ff0_A,1.0
9ff0_E,9ff0_B,1.0
9ff0_E,9ff0_C,1.0
9ff0_E,9ff0_D,1.0
9ff1_A,6qfa_A,0.987988
9ff1_A,6qfa_B,0.987988
9ff1_A,6qfa_C,0.987988
9ff1_A,6qfa_D,0.987988
9ff1_A,6qfa_E,0.987988
9ff1_A,7a5v_A,0.988024
9ff1_A,7pbd_B,0.967164
9ff1_A,7pbd_C,0.981818
9ff1_A,7pbz_C,0.981818
9ff1_A,7pbz_D,0.981818
9ff1_A,7pc0_C,0.981818
9ff1_A,7pc0_D,0.981818
9ff1_A,7qn7_B,0.981651
9ff1_A,7qn7_C,0.981651
9ff1_A,7qn7_D,0.981651
9ff1_A,7qn8_A,0.981651
9ff1_A,7qn8_B,0.981651
9ff1_A,7qn8_C,0.981651
9ff1_A,7qn8_D,0.981651
9ff1_A,7qn9_B,0.966767
9ff1_A,7qn9_C,0.966767
9ff1_A,7qn9_D,0.966767
9ff1_A,7qnc_B,0.981651
9ff1_A,7qnc_C,0.981651
9ff1_A,7qnc_D,0.981651
9ff1_A,7qnd_A,0.981651
9ff1_A,7qnd_B,0.981651
9ff1_A,7qnd_C,0.981651
9ff1_A,7qnd_D,0.981651
9ff1_A,8pvb_A,0.988024
9ff1_A,9feu_A,0.991098
9ff1_A,9feu_B,0.991098
9ff1_A,9feu_C,0.991098
9ff1_A,9feu_D,0.991098
9ff1_A,9feu_E,0.991098
9ff1_A,9fex_A,0.991018
9ff1_A,9fex_B,0.991018
9ff1_A,9fex_C,0.991018
9ff1_A,9fex_D,0.991018
9ff1_A,9fex_E,0.991018
9ff1_A,9fey_A,0.991018
9ff1_A,9fey_B,0.991018
9ff1_A,9fey_C,0.991018
9ff1_A,9fey_D,0.991018
9ff1_A,9fey_E,0.991018
9ff1_A,9fez_A,0.979042
9ff1_A,9fez_B,0.979042
9ff1_A,9fez_C,0.979042
9ff1_A,9fez_D,0.979042
9ff1_A,9fez_E,0.979042
9ff1_A,9ff0_A,0.991098
9ff1_A,9ff0_B,0.991098
9ff1_A,9ff0_C,0.988166
9ff1_A,9ff0_D,0.991098
9ff1_A,9ff0_E,0.991098
9ff1_B,6qfa_A,0.978979
9ff1_B,6qfa_B,0.978979
9ff1_B,6qfa_C,0.978979
9ff1_B,6qfa_D,0.978979
9ff1_B,6qfa_E,0.978979
9ff1_B,7a5v_A,0.979042
9ff1_B,7pbd_B,0.958209
9ff1_B,7pbd_C,0.972727
9ff1_B,7pbz_C,0.972727
9ff1_B,7pbz_D,0.972727
9ff1_B,7pc0_C,0.972727
9ff1_B,7pc0_D,0.972727
9ff1_B,7qn7_B,0.972477
9ff1_B,7qn7_C,0.972477
9ff1_B,7qn7_D,0.972477
9ff1_B,7qn8_A,0.972477
9ff1_B,7qn8_B,0.972477
9ff1_B,7qn8_C,0.972477
9ff1_B,7qn8_D,0.972477
9ff1_B,7qn9_B,0.957704
9ff1_B,7qn9_C,0.957704
9ff1_B,7qn9_D,0.957704
9ff1_B,7qnc_B,0.972477
9ff1_B,7qnc_C,0.972477
9ff1_B,7qnc_D,0.972477
9ff1_B,7qnd_A,0.972477
9ff1_B,7qnd_B,0.972477
9ff1_B,7qnd_C,0.972477
9ff1_B,7qnd_D,0.972477
9ff1_B,8pvb_A,0.979042
9ff1_B,9feu_A,0.982196
9ff1_B,9feu_B,0.982196
9ff1_B,9feu_C,0.982196
9ff1_B,9feu_D,0.982196
9ff1_B,9feu_E,0.982196
9ff1_B,9fex_A,0.982036
9ff1_B,9fex_B,0.982036
9ff1_B,9fex_C,0.982036
9ff1_B,9fex_D,0.982036
9ff1_B,9fex_E,0.982036
9ff1_B,9fey_A,0.982036
9ff1_B,9fey_B,0.982036
9ff1_B,9fey_C,0.982036
9ff1_B,9fey_D,0.982036
9ff1_B,9fey_E,0.982036
9ff1_B,9fez_A,0.991018
9ff1_B,9fez_B,0.991018
9ff1_B,9fez_C,0.991018
9ff1_B,9fez_D,0.991018
9ff1_B,9fez_E,0.991018
9ff1_B,9ff0_A,0.982196
9ff1_B,9ff0_B,0.982196
9ff1_B,9ff0_C,0.97929
9ff1_B,9ff0_D,0.982196
9ff1_B,9ff0_E,0.982196
9ff1_B,9ff1_A,0.991124
9ff1_C,6qfa_A,0.987988
9ff1_C,6qfa_B,0.987988
9ff1_C,6qfa_C,0.987988
9ff1_C,6qfa_D,0.987988
9ff1_C,6qfa_E,0.987988
9ff1_C,7a5v_A,0.988024
9ff1_C,7pbd_B,0.967164
9ff1_C,7pbd_C,0.981818
9ff1_C,7pbz_C,0.981818
9ff1_C,7pbz_D,0.981818
9ff1_C,7pc0_C,0.981818
9ff1_C,7pc0_D,0.981818
9ff1_C,7qn7_B,0.981651
9ff1_C,7qn7_C,0.981651
9ff1_C,7qn7_D,0.981651
9ff1_C,7qn8_A,0.981651
9ff1_C,7qn8_B,0.981651
9ff1_C,7qn8_C,0.981651
9ff1_C,7qn8_D,0.981651
9ff1_C,7qn9_B,0.966767
9ff1_C,7qn9_C,0.966767
9ff1_C,7qn9_D,0.966767
9ff1_C,7qnc_B,0.981651
9ff1_C,7qnc_C,0.981651
9ff1_C,7qnc_D,0.981651
9ff1_C,7qnd_A,0.981651
9ff1_C,7qnd_B,0.981651
9ff1_C,7qnd_C,0.981651
9ff1_C,7qnd_D,0.981651
9ff1_C,8pvb_A,0.988024
9ff1_C,9feu_A,0.991098
9ff1_C,9feu_B,0.991098
9ff1_C,9feu_C,0.991098
9ff1_C,9feu_D,0.991098
9ff1_C,9feu_E,0.991098
9ff1_C,9fex_A,0.991018
9ff1_C,9fex_B,0.991018
9ff1_C,9fex_C,0.991018
9ff1_C,9fex_D,0.991018
9ff1_C,9fex_E,0.991018
9ff1_C,9fey_A,0.991018
9ff1_C,9fey_B,0.991018
9ff1_C,9fey_C,0.991018
9ff1_C,9fey_D,0.991018
9ff1_C,9fey_E,0.991018
9ff1_C,9fez_A,0.979042
9ff1_C,9fez_B,0.979042
9ff1_C,9fez_C,0.979042
9ff1_C,9fez_D,0.979042
9ff1_C,9fez_E,0.979042
9ff1_C,9ff0_A,0.991098
9ff1_C,9ff0_B,0.991098
9ff1_C,9ff0_C,0.988166
9ff1_C,9ff0_D,0.991098
9ff1_C,9ff0_E,0.991098
9ff1_C,9ff1_A,1.0
9ff1_C,9ff1_B,0.991124
9ff1_D,6qfa_A,0.978979
9ff1_D,6qfa_B,0.978979
9ff1_D,6qfa_C,0.978979
9ff1_D,6qfa_D,0.978979
9ff1_D,6qfa_E,0.978979
9ff1_D,7a5v_A,0.979042
9ff1_D,7pbd_B,0.958209
9ff1_D,7pbd_C,0.972727
9ff1_D,7pbz_C,0.972727
9ff1_D,7pbz_D,0.972727
9ff1_D,7pc0_C,0.972727
9ff1_D,7pc0_D,0.972727
9ff1_D,7qn7_B,0.972477
9ff1_D,7qn7_C,0.972477
9ff1_D,7qn7_D,0.972477
9ff1_D,7qn8_A,0.972477
9ff1_D,7qn8_B,0.972477
9ff1_D,7qn8_C,0.972477
9ff1_D,7qn8_D,0.972477
9ff1_D,7qn9_B,0.957704
9ff1_D,7qn9_C,0.957704
9ff1_D,7qn9_D,0.957704
9ff1_D,7qnc_B,0.972477
9ff1_D,7qnc_C,0.972477
9ff1_D,7qnc_D,0.972477
9ff1_D,7qnd_A,0.972477
9ff1_D,7qnd_B,0.972477
9ff1_D,7qnd_C,0.972477
9ff1_D,7qnd_D,0.972477
9ff1_D,8pvb_A,0.979042
9ff1_D,9feu_A,0.982196
9ff1_D,9feu_B,0.982196
9ff1_D,9feu_C,0.982196
9ff1_D,9feu_D,0.982196
9ff1_D,9feu_E,0.982196
9ff1_D,9fex_A,0.982036
9ff1_D,9fex_B,0.982036
9ff1_D,9fex_C,0.982036
9ff1_D,9fex_D,0.982036
9ff1_D,9fex_E,0.982036
9ff1_D,9fey_A,0.982036
9ff1_D,9fey_B,0.982036
9ff1_D,9fey_C,0.982036
9ff1_D,9fey_D,0.982036
9ff1_D,9fey_E,0.982036
9ff1_D,9fez_A,0.991018
9ff1_D,9fez_B,0.991018
9ff1_D,9fez_C,0.991018
9ff1_D,9fez_D,0.991018
9ff1_D,9fez_E,0.991018
9ff1_D,9ff0_A,0.982196
9ff1_D,9ff0_B,0.982196
9ff1_D,9ff0_C,0.97929
9ff1_D,9ff0_D,0.982196
9ff1_D,9ff0_E,0.982196
9ff1_D,9ff1_A,0.991124
9ff1_D,9ff1_B,1.0
9ff1_D,9ff1_C,0.991124
9ff1_E,6qfa_A,0.987988
9ff1_E,6qfa_B,0.987988
9ff1_E,6qfa_C,0.987988
9ff1_E,6qfa_D,0.987988
9ff1_E,6qfa_E,0.987988
9ff1_E,7a5v_A,0.988024
9ff1_E,7pbd_B,0.967164
9ff1_E,7pbd_C,0.981818
9ff1_E,7pbz_C,0.981818
9ff1_E,7pbz_D,0.981818
9ff1_E,7pc0_C,0.981818
9ff1_E,7pc0_D,0.981818
9ff1_E,7qn7_B,0.981651
9ff1_E,7qn7_C,0.981651
9ff1_E,7qn7_D,0.981651
9ff1_E,7qn8_A,0.981651
9ff1_E,7qn8_B,0.981651
9ff1_E,7qn8_C,0.981651
9ff1_E,7qn8_D,0.981651
9ff1_E,7qn9_B,0.966767
9ff1_E,7qn9_C,0.966767
9ff1_E,7qn9_D,0.966767
9ff1_E,7qnc_B,0.981651
9ff1_E,7qnc_C,0.981651
9ff1_E,7qnc_D,0.981651
9ff1_E,7qnd_A,0.981651
9ff1_E,7qnd_B,0.981651
9ff1_E,7qnd_C,0.981651
9ff1_E,7qnd_D,0.981651
9ff1_E,8pvb_A,0.988024
9ff1_E,9feu_A,0.991098
9ff1_E,9feu_B,0.991098
9ff1_E,9feu_C,0.991098
9ff1_E,9feu_D,0.991098
9ff1_E,9feu_E,0.991098
9ff1_E,9fex_A,0.991018
9ff1_E,9fex_B,0.991018
9ff1_E,9fex_C,0.991018
9ff1_E,9fex_D,0.991018
9ff1_E,9fex_E,0.991018
9ff1_E,9fey_A,0.991018
9ff1_E,9fey_B,0.991018
9ff1_E,9fey_C,0.991018
9ff1_E,9fey_D,0.991018
9ff1_E,9fey_E,0.991018
9ff1_E,9fez_A,0.979042
9ff1_E,9fez_B,0.979042
9ff1_E,9fez_C,0.979042
9ff1_E,9fez_D,0.979042
9ff1_E,9fez_E,0.979042
9ff1_E,9ff0_A,0.991098
9ff1_E,9ff0_B,0.991098
9ff1_E,9ff0_C,0.988166
9ff1_E,9ff0_D,0.991098
9ff1_E,9ff0_E,0.991098
9ff1_E,9ff1_A,1.0
9ff1_E,9ff1_B,0.991124
9ff1_E,9ff1_C,1.0
9ff1_E,9ff1_D,0.991124
9ff2_A,6qfa_A,0.996997
9ff2_A,6qfa_B,0.996997
9ff2_A,6qfa_C,0.996997
9ff2_A,6qfa_D,0.996997
9ff2_A,6qfa_E,0.996997
9ff2_A,7a5v_A,0.997006
9ff2_A,7pbd_B,0.976119
9ff2_A,7pbd_C,0.990909
9ff2_A,7pbz_C,0.990909
9ff2_A,7pbz_D,0.990909
9ff2_A,7pc0_C,0.990909
9ff2_A,7pc0_D,0.990909
9ff2_A,7qn7_B,0.990826
9ff2_A,7qn7_C,0.990826
9ff2_A,7qn7_D,0.990826
9ff2_A,7qn8_A,0.990826
9ff2_A,7qn8_B,0.990826
9ff2_A,7qn8_C,0.990826
9ff2_A,7qn8_D,0.990826
9ff2_A,7qn9_B,0.975831
9ff2_A,7qn9_C,0.975831
9ff2_A,7qn9_D,0.975831
9ff2_A,7qnc_B,0.990826
9ff2_A,7qnc_C,0.990826
9ff2_A,7qnc_D,0.990826
9ff2_A,7qnd_A,0.990826
9ff2_A,7qnd_B,0.990826
9ff2_A,7qnd_C,0.990826
9ff2_A,7qnd_D,0.990826
9ff2_A,8pvb_A,0.997006
9ff2_A,9feu_A,1.0
9ff2_A,9feu_B,1.0
9ff2_A,9feu_C,1.0
9ff2_A,9feu_D,1.0
9ff2_A,9feu_E,1.0
9ff2_A,9fex_A,1.0
9ff2_A,9fex_B,1.0
9ff2_A,9fex_C,1.0
9ff2_A,9fex_D,1.0
9ff2_A,9fex_E,1.0
9ff2_A,9fey_A,1.0
9ff2_A,9fey_B,1.0
9ff2_A,9fey_C,1.0
9ff2_A,9fey_D,1.0
9ff2_A,9fey_E,1.0
9ff2_A,9fez_A,0.988024
9ff2_A,9fez_B,0.988024
9ff2_A,9fez_C,0.988024
9ff2_A,9fez_D,0.988024
9ff2_A,9fez_E,0.988024
9ff2_A,9ff0_A,1.0
9ff2_A,9ff0_B,1.0
9ff2_A,9ff0_C,1.0
9ff2_A,9ff0_D,1.0
9ff2_A,9ff0_E,1.0
9ff2_A,9ff1_A,0.991098
9ff2_A,9ff1_B,0.982196
9ff2_A,9ff1_C,0.991098
9ff2_A,9ff1_D,0.982196
9ff2_A,9ff1_E,0.991098
9ff2_B,6qfa_A,0.996997
9ff2_B,6qfa_B,0.996997
9ff2_B,6qfa_C,0.996997
9ff2_B,6qfa_D,0.996997
9ff2_B,6qfa_E,0.996997
9ff2_B,7a5v_A,0.997006
9ff2_B,7pbd_B,0.976119
9ff2_B,7pbd_C,0.990909
9ff2_B,7pbz_C,0.990909
9ff2_B,7pbz_D,0.990909
9ff2_B,7pc0_C,0.990909
9ff2_B,7pc0_D,0.990909
9ff2_B,7qn7_B,0.990826
9ff2_B,7qn7_C,0.990826
9ff2_B,7qn7_D,0.990826
9ff2_B,7qn8_A,0.990826
9ff2_B,7qn8_B,0.990826
9ff2_B,7qn8_C,0.990826
9ff2_B,7qn8_D,0.990826
9ff2_B,7qn9_B,0.975831
9ff2_B,7qn9_C,0.975831
9ff2_B,7qn9_D,0.975831
9ff2_B,7qnc_B,0.990826
9ff2_B,7qnc_C,0.990826
9ff2_B,7qnc_D,0.990826
9ff2_B,7qnd_A,0.990826
9ff2_B,7qnd_B,0.990826
9ff2_B,7qnd_C,0.990826
9ff2_B,7qnd_D,0.990826
9ff2_B,8pvb_A,0.997006
9ff2_B,9feu_A,1.0
9ff2_B,9feu_B,1.0
9ff2_B,9feu_C,1.0
9ff2_B,9feu_D,1.0
9ff2_B,9feu_E,1.0
9ff2_B,9fex_A,1.0
9ff2_B,9fex_B,1.0
9ff2_B,9fex_C,1.0
9ff2_B,9fex_D,1.0
9ff2_B,9fex_E,1.0
9ff2_B,9fey_A,1.0
9ff2_B,9fey_B,1.0
9ff2_B,9fey_C,1.0
9ff2_B,9fey_D,1.0
9ff2_B,9fey_E,1.0
9ff2_B,9fez_A,0.988024
9ff2_B,9fez_B,0.988024
9ff2_B,9fez_C,0.988024
9ff2_B,9fez_D,0.988024
9ff2_B,9fez_E,0.988024
9ff2_B,9ff0_A,1.0
9ff2_B,9ff0_B,1.0
9ff2_B,9ff0_C,1.0
9ff2_B,9ff0_D,1.0
9ff2_B,9ff0_E,1.0
9ff2_B,9ff1_A,0.991098
9ff2_B,9ff1_B,0.982196
9ff2_B,9ff1_C,0.991098
9ff2_B,9ff1_D,0.982196
9ff2_B,9ff1_E,0.991098
9ff2_B,9ff2_A,1.0
9ff2_C,6qfa_A,0.996997
9ff2_C,6qfa_B,0.996997
9ff2_C,6qfa_C,0.996997
9ff2_C,6qfa_D,0.996997
9ff2_C,6qfa_E,0.996997
9ff2_C,7a5v_A,0.997006
9ff2_C,7pbd_B,0.976119
9ff2_C,7pbd_C,0.990909
9ff2_C,7pbz_C,0.990909
9ff2_C,7pbz_D,0.990909
9ff2_C,7pc0_C,0.990909
9ff2_C,7pc0_D,0.990909
9ff2_C,7qn7_B,0.990826
9ff2_C,7qn7_C,0.990826
9ff2_C,7qn7_D,0.990826
9ff2_C,7qn8_A,0.990826
9ff2_C,7qn8_B,0.990826
9ff2_C,7qn8_C,0.990826
9ff2_C,7qn8_D,0.990826
9ff2_C,7qn9_B,0.975831
9ff2_C,7qn9_C,0.975831
9ff2_C,7qn9_D,0.975831
9ff2_C,7qnc_B,0.990826
9ff2_C,7qnc_C,0.990826
9ff2_C,7qnc_D,0.990826
9ff2_C,7qnd_A,0.990826
9ff2_C,7qnd_B,0.990826
9ff2_C,7qnd_C,0.990826
9ff2_C,7qnd_D,0.990826
9ff2_C,8pvb_A,0.997006
9ff2_C,9feu_A,1.0
9ff2_C,9feu_B,1.0
9ff2_C,9feu_C,1.0
9ff2_C,9feu_D,1.0
9ff2_C,9feu_E,1.0
9ff2_C,9fex_A,1.0
9ff2_C,9fex_B,1.0
9ff2_C,9fex_C,1.0
9ff2_C,9fex_D,1.0
9ff2_C,9fex_E,1.0
9ff2_C,9fey_A,1.0
9ff2_C,9fey_B,1.0
9ff2_C,9fey_C,1.0
9ff2_C,9fey_D,1.0
9ff2_C,9fey_E,1.0
9ff2_C,9fez_A,0.988024
9ff2_C,9fez_B,0.988024
9ff2_C,9fez_C,0.988024
9ff2_C,9fez_D,0.988024
9ff2_C,9fez_E,0.988024
9ff2_C,9ff0_A,1.0
9ff2_C,9ff0_B,1.0
9ff2_C,9ff0_C,1.0
9ff2_C,9ff0_D,1.0
9ff2_C,9ff0_E,1.0
9ff2_C,9ff1_A,0.991098
9ff2_C,9ff1_B,0.982196
9ff2_C,9ff1_C,0.991098
9ff2_C,9ff1_D,0.982196
9ff2_C,9ff1_E,0.991098
9ff2_C,9ff2_A,1.0
9ff2_C,9ff2_B,1.0
9ff2_D,6qfa_A,0.996997
9ff2_D,6qfa_B,0.996997
9ff2_D,6qfa_C,0.996997
9ff2_D,6qfa_D,0.996997
9ff2_D,6qfa_E,0.996997
9ff2_D,7a5v_A,0.997006
9ff2_D,7pbd_B,0.976119
9ff2_D,7pbd_C,0.990909
9ff2_D,7pbz_C,0.990909
9ff2_D,7pbz_D,0.990909
9ff2_D,7pc0_C,0.990909
9ff2_D,7pc0_D,0.990909
9ff2_D,7qn7_B,0.990826
9ff2_D,7qn7_C,0.990826
9ff2_D,7qn7_D,0.990826
9ff2_D,7qn8_A,0.990826
9ff2_D,7qn8_B,0.990826
9ff2_D,7qn8_C,0.990826
9ff2_D,7qn8_D,0.990826
9ff2_D,7qn9_B,0.975831
9ff2_D,7qn9_C,0.975831
9ff2_D,7qn9_D,0.975831
9ff2_D,7qnc_B,0.990826
9ff2_D,7qnc_C,0.990826
9ff2_D,7qnc_D,0.990826
9ff2_D,7qnd_A,0.990826
9ff2_D,7qnd_B,0.990826
9ff2_D,7qnd_C,0.990826
9ff2_D,7qnd_D,0.990826
9ff2_D,8pvb_A,0.997006
9ff2_D,9feu_A,1.0
9ff2_D,9feu_B,1.0
9ff2_D,9feu_C,1.0
9ff2_D,9feu_D,1.0
9ff2_D,9feu_E,1.0
9ff2_D,9fex_A,1.0
9ff2_D,9fex_B,1.0
9ff2_D,9fex_C,1.0
9ff2_D,9fex_D,1.0
9ff2_D,9fex_E,1.0
9ff2_D,9fey_A,1.0
9ff2_D,9fey_B,1.0
9ff2_D,9fey_C,1.0
9ff2_D,9fey_D,1.0
9ff2_D,9fey_E,1.0
9ff2_D,9fez_A,0.988024
9ff2_D,9fez_B,0.988024
9ff2_D,9fez_C,0.988024
9ff2_D,9fez_D,0.988024
9ff2_D,9fez_E,0.988024
9ff2_D,9ff0_A,1.0
9ff2_D,9ff0_B,1.0
9ff2_D,9ff0_C,1.0
9ff2_D,9ff0_D,1.0
9ff2_D,9ff0_E,1.0
9ff2_D,9ff1_A,0.991098
9ff2_D,9ff1_B,0.982196
9ff2_D,9ff1_C,0.991098
9ff2_D,9ff1_D,0.982196
9ff2_D,9ff1_E,0.991098
9ff2_D,9ff2_A,1.0
9ff2_D,9ff2_B,1.0
9ff2_D,9ff2_C,1.0
9ff2_E,6qfa_A,0.996997
9ff2_E,6qfa_B,0.996997
9ff2_E,6qfa_C,0.996997
9ff2_E,6qfa_D,0.996997
9ff2_E,6qfa_E,0.996997
9ff2_E,7a5v_A,0.997006
9ff2_E,7pbd_B,0.976119
9ff2_E,7pbd_C,0.990909
9ff2_E,7pbz_C,0.990909
9ff2_E,7pbz_D,0.990909
9ff2_E,7pc0_C,0.990909
9ff2_E,7pc0_D,0.990909
9ff2_E,7qn7_B,0.990826
9ff2_E,7qn7_C,0.990826
9ff2_E,7qn7_D,0.990826
9ff2_E,7qn8_A,0.990826
9ff2_E,7qn8_B,0.990826
9ff2_E,7qn8_C,0.990826
9ff2_E,7qn8_D,0.990826
9ff2_E,7qn9_B,0.975831
9ff2_E,7qn9_C,0.975831
9ff2_E,7qn9_D,0.975831
9ff2_E,7qnc_B,0.990826
9ff2_E,7qnc_C,0.990826
9ff2_E,7qnc_D,0.990826
9ff2_E,7qnd_A,0.990826
9ff2_E,7qnd_B,0.990826
9ff2_E,7qnd_C,0.990826
9ff2_E,7qnd_D,0.990826
9ff2_E,8pvb_A,0.997006
9ff2_E,9feu_A,1.0
9ff2_E,9feu_B,1.0
9ff2_E,9feu_C,1.0
9ff2_E,9feu_D,1.0
9ff2_E,9feu_E,1.0
9ff2_E,9fex_A,1.0
9ff2_E,9fex_B,1.0
9ff2_E,9fex_C,1.0
9ff2_E,9fex_D,1.0
9ff2_E,9fex_E,1.0
9ff2_E,9fey_A,1.0
9ff2_E,9fey_B,1.0
9ff2_E,9fey_C,1.0
9ff2_E,9fey_D,1.0
9ff2_E,9fey_E,1.0
9ff2_E,9fez_A,0.988024
9ff2_E,9fez_B,0.988024
9ff2_E,9fez_C,0.988024
9ff2_E,9fez_D,0.988024
9ff2_E,9fez_E,0.988024
9ff2_E,9ff0_A,1.0
9ff2_E,9ff0_B,1.0
9ff2_E,9ff0_C,1.0
9ff2_E,9ff0_D,1.0
9ff2_E,9ff0_E,1.0
9ff2_E,9ff1_A,0.991098
9ff2_E,9ff1_B,0.982196
9ff2_E,9ff1_C,0.991098
9ff2_E,9ff1_D,0.982196
9ff2_E,9ff1_E,0.991098
9ff2_E,9ff2_A,1.0
9ff2_E,9ff2_B,1.0
9ff2_E,9ff2_C,1.0
9ff2_E,9ff2_D,1.0
9fg6_C,6qfa_A,0.972727
9fg6_C,6qfa_B,0.972727
9fg6_C,6qfa_C,0.972727
9fg6_C,6qfa_D,0.972727
9fg6_C,6qfa_E,0.972727
9fg6_C,7a5v_A,0.972727
9fg6_C,7pbd_B,0.975758
9fg6_C,7pbd_C,0.978788
9fg6_C,7pbz_C,0.978788
9fg6_C,7pbz_D,0.978788
9fg6_C,7pc0_C,0.978788
9fg6_C,7pc0_D,0.978788
9fg6_C,7qn7_B,0.984709
9fg6_C,7qn7_C,0.984709
9fg6_C,7qn7_D,0.984709
9fg6_C,7qn8_A,0.984709
9fg6_C,7qn8_B,0.984709
9fg6_C,7qn8_C,0.984709
9fg6_C,7qn8_D,0.984709
9fg6_C,7qn9_B,1.0
9fg6_C,7qn9_C,1.0
9fg6_C,7qn9_D,1.0
9fg6_C,7qnc_B,0.984709
9fg6_C,7qnc_C,0.984709
9fg6_C,7qnc_D,0.984709
9fg6_C,7qnd_A,0.984709
9fg6_C,7qnd_B,0.984709
9fg6_C,7qnd_C,0.984709
9fg6_C,7qnd_D,0.984709
9fg6_C,8pvb_A,0.972727
9fg6_C,9feu_A,0.975758
9fg6_C,9feu_B,0.975758
9fg6_C,9feu_C,0.975758
9fg6_C,9feu_D,0.975758
9fg6_C,9feu_E,0.975758
9fg6_C,9fex_A,0.975758
9fg6_C,9fex_B,0.975758
9fg6_C,9fex_C,0.975758
9fg6_C,9fex_D,0.975758
9fg6_C,9fex_E,0.975758
9fg6_C,9fey_A,0.975758
9fg6_C,9fey_B,0.975758
9fg6_C,9fey_C,0.975758
9fg6_C,9fey_D,0.975758
9fg6_C,9fey_E,0.975758
9fg6_C,9fez_A,0.9666669999999999
9fg6_C,9fez_B,0.9666669999999999
9fg6_C,9fez_C,0.9666669999999999
9fg6_C,9fez_D,0.9666669999999999
9fg6_C,9fez_E,0.9666669999999999
9fg6_C,9ff0_A,0.975758
9fg6_C,9ff0_B,0.975758
9fg6_C,9ff0_C,0.975758
9fg6_C,9ff0_D,0.975758
9fg6_C,9ff0_E,0.975758
9fg6_C,9ff1_A,0.9666669999999999
9fg6_C,9ff1_B,0.957576
9fg6_C,9ff1_C,0.9666669999999999
9fg6_C,9ff1_D,0.957576
9fg6_C,9ff1_E,0.9666669999999999
9fg6_C,9ff2_A,0.975758
9fg6_C,9ff2_B,0.975758
9fg6_C,9ff2_C,0.975758
9fg6_C,9ff2_D,0.975758
9fg6_C,9ff2_E,0.975758
9fg6_E,6qfa_A,0.972727
9fg6_E,6qfa_B,0.972727
9fg6_E,6qfa_C,0.972727
9fg6_E,6qfa_D,0.972727
9fg6_E,6qfa_E,0.972727
9fg6_E,7a5v_A,0.972727
9fg6_E,7pbd_B,0.975758
9fg6_E,7pbd_C,0.978788
9fg6_E,7pbz_C,0.978788
9fg6_E,7pbz_D,0.978788
9fg6_E,7pc0_C,0.978788
9fg6_E,7pc0_D,0.978788
9fg6_E,7qn7_B,0.984709
9fg6_E,7qn7_C,0.984709
9fg6_E,7qn7_D,0.984709
9fg6_E,7qn8_A,0.984709
9fg6_E,7qn8_B,0.984709
9fg6_E,7qn8_C,0.984709
9fg6_E,7qn8_D,0.984709
9fg6_E,7qn9_B,1.0
9fg6_E,7qn9_C,1.0
9fg6_E,7qn9_D,1.0
9fg6_E,7qnc_B,0.984709
9fg6_E,7qnc_C,0.984709
9fg6_E,7qnc_D,0.984709
9fg6_E,7qnd_A,0.984709
9fg6_E,7qnd_B,0.984709
9fg6_E,7qnd_C,0.984709
9fg6_E,7qnd_D,0.984709
9fg6_E,8pvb_A,0.972727
9fg6_E,9feu_A,0.975758
9fg6_E,9feu_B,0.975758
9fg6_E,9feu_C,0.975758
9fg6_E,9feu_D,0.975758
9fg6_E,9feu_E,0.975758
9fg6_E,9fex_A,0.975758
9fg6_E,9fex_B,0.975758
9fg6_E,9fex_C,0.975758
9fg6_E,9fex_D,0.975758
9fg6_E,9fex_E,0.975758
9fg6_E,9fey_A,0.975758
9fg6_E,9fey_B,0.975758
9fg6_E,9fey_C,0.975758
9fg6_E,9fey_D,0.975758
9fg6_E,9fey_E,0.975758
9fg6_E,9fez_A,0.9666669999999999
9fg6_E,9fez_B,0.9666669999999999
9fg6_E,9fez_C,0.9666669999999999
9fg6_E,9fez_D,0.9666669999999999
9fg6_E,9fez_E,0.9666669999999999
9fg6_E,9ff0_A,0.975758
9fg6_E,9ff0_B,0.975758
9fg6_E,9ff0_C,0.975758
9fg6_E,9ff0_D,0.975758
9fg6_E,9ff0_E,0.975758
9fg6_E,9ff1_A,0.9666669999999999
9fg6_E,9ff1_B,0.957576
9fg6_E,9ff1_C,0.9666669999999999
9fg6_E,9ff1_D,0.957576
9fg6_E,9ff1_E,0.9666669999999999
9fg6_E,9ff2_A,0.975758
9fg6_E,9ff2_B,0.975758
9fg6_E,9ff2_C,0.975758
9fg6_E,9ff2_D,0.975758
9fg6_E,9ff2_E,0.975758
9fg6_E,9fg6_C,1.0
9ixj_R,8pok_A,0.989091
9ixj_R,8yn3_R,0.989091
9ixj_R,8yn4_R,0.958955
9jed_R,7yfc_R,0.965517
9jed_R,8hn8_R,0.931159
9jed_R,8jxt_R,0.988889
9jed_R,8yn9_R,0.981884
9jeq_R,8yn5_R,0.975265
9jeq_R,8yuu_R,0.982332
9lrb_R,7dfl_R,0.966292
9lrb_R,8yn2_R,0.970037
9lrc_R,7yfc_R,0.965517
9lrc_R,8hn8_R,0.931159
9lrc_R,8jxt_R,0.988889
9lrc_R,8yn9_R,0.98913
9lrc_R,9jed_R,0.98556
9lrd_R,7dfl_R,0.973485
9lrd_R,8yn2_R,0.977273
9lrd_R,9lrb_R,1.0
9lre_R,7yfc_R,0.965517
9lre_R,8hn8_R,0.931159
9lre_R,8jxt_R,0.988889
9lre_R,8yn9_R,0.98913
9lre_R,9jed_R,0.98556
9lre_R,9lrc_R,1.0
